tree
version=v4
num_class=1
num_tree_per_iteration=1
label_index=0
max_feature_idx=7
objective=binary sigmoid:1
feature_names=Column_0 Column_1 Column_2 Column_3 Column_4 Column_5 Column_6 Column_7
feature_infos=[0:39] [0:1] [0:1] [0:1] none [0:0.9999998869485266] [0:0.9999998869485266] [0:1]
tree_sizes=3319 3465 3441 3450 3447 3444 3461 3432 3438 3449 3444 3466 3466 3437 3458 3437 3443 3439 3438 3449 3450 3457 3449 3439 3463 3447 3421 3447 3431 3448 3436 3448 3454 3444 3435 3462 3447 3442 3459 3457 3453

Tree=0
num_leaves=31
num_cat=0
split_feature=1 0 2 3 0 1 0 1 0 1 0 6 2 6 5 1 1 2 0 2 6 1 0 1 1 6 2 5 2 0
split_gain=1466.42 1555.12 433.469 276.366 202.752 173.136 88.7618 84.8873 50.9662 44.3919 40.0773 53.8809 31.3793 25.8924 23.4754 23.2093 21.6557 17.1098 16.1735 16.297 15.4045 15.1954 13.2367 13.173 12.2659 11.8966 11.8542 10.849 10.0314 9.82109
threshold=0.81029411764705905 1.5000000000000002 0.63500000000000012 1.0000000180025095e-35 10.500000000000002 0.65707142857142875 7.5000000000000009 0.8725543478260871 8.5000000000000018 0.79968750000000022 1.5000000000000002 0.94150048422944932 0.13500000000000004 0.99132781589833019 0.98193825405398238 0.53522727272727288 0.6535416666666668 0.3050000000000001 2.5000000000000004 0.63500000000000012 0.99709383392077544 0.66607692307692334 5.5000000000000009 0.74449494949494965 0.72236111111111134 0.99038749223065503 0.66500000000000015 0.9893795428636537 0.52500000000000013 24.500000000000004
decision_type=2 2 2 2 2 2 2 2 2 2 2 2 2 2 2 2 2 2 2 2 2 2 2 2 2 2 2 2 2 2
left_child=1 -1 3 5 7 8 9 18 15 20 11 -9 -7 24 -4 -3 -8 -17 -2 25 21 -5 -23 27 -14 -20 -25 -16 -15 -6
right_child=4 2 14 6 29 12 16 10 -10 -11 -12 -13 13 28 23 17 -18 -19 19 -21 -22 22 -24 26 -26 -27 -28 -29 -30 -31
leaf_value=0.73757224195327364 0.65854673158946608 0.57198720710301687 0.66089843995329411 0.54772258069178659 0.65633935292623224 0.67416775612271951 0.59202275149795736 0.66841833346198432 0.62559602361146405 0.63436597675530759 0.72245202086270588 0.7136644890816487 0.62963007864550502 0.57233708391985783 0.63505574293875267 0.61546066529331933 0.63884590145190956 0.58584669670208056 0.67746072139898561 0.69691914751648087 0.52510344554149002 0.56337926956138018 0.60394728806538078 0.60972120582596878 0.64833283544325171 0.6191104034001772 0.66461608896850455 0.59304879891849593 0.63931859938864655 0.70330943326407036
leaf_weight=323.06840923428535 48.71844670176506 138.29752612113953 437.56798443198204 150.6455195248127 238.20401820540428 63.087020844221115 57.025278627872467 91.824169129133224 120.56131741404533 18.40973562002182 634.91136991977692 232.14227598905563 161.19744116067886 20.879334300756458 56.576260685920715 85.986935883760452 43.554740369319916 112.70350342988968 50.739027440547943 198.0169124007225 39.064560949802399 108.21332401037216 24.695986807346344 12.123484432697294 192.17967915534973 10.551921635866163 52.086081266403198 21.10384327173233 7.6333050131797782 11.674466490745543
leaf_count=1439 217 616 1949 671 1061 281 254 409 537 82 2828 1034 718 93 252 383 194 502 226 882 174 482 110 54 856 47 232 94 34 52
internal_value=0.661711 0.636066 0.619018 0.603434 0.699696 0.619293 0.571022 0.707815 0.597697 0.558848 0.71515 0.70084 0.6415 0.636103 0.655168 0.587715 0.612299 0.598663 0.684979 0.689945 0.554539 0.558595 0.570917 0.637494 0.639801 0.667415 0.654251 0.623643 0.590269 0.658534
internal_weight=3763.44 2246.66 1923.59 1344.14 1516.78 902.526 441.609 1266.9 457.549 341.029 958.878 323.966 444.977 381.89 579.458 336.988 100.58 198.69 308.026 259.308 322.619 283.555 132.909 141.89 353.377 61.2909 64.2096 77.6801 28.5126 249.878
internal_count=16763 10007 8568 5987 6756 4020 1967 5643 2038 1519 4271 1443 1982 1701 2581 1501 448 885 1372 1155 1437 1263 592 632 1574 273 286 346 127 1113
is_linear=0
shrinkage=1


Tree=1
num_leaves=31
num_cat=0
split_feature=1 1 2 3 1 1 1 1 7 2 5 1 7 6 5 2 5 2 2 1 2 2 6 1 6 1 2 1 6 1
split_gain=1328.86 1409.02 379.276 237.228 153.076 124.266 42.5506 37.4165 28.8517 27.8634 26.725 25.5298 25.0723 24.3872 20.6511 17.999 16.2701 16.0087 15.8066 14.6488 21.7546 14.2644 14.1223 12.5186 11.9012 11.8505 9.37012 9.20652 8.97813 9.40955
threshold=0.81029411764705905 1.0000000180025095e-35 0.67500000000000016 1.0000000180025095e-35 0.65707142857142875 0.87408333333333343 0.79968750000000022 0.53522727272727288 1.0000000180025095e-35 0.13500000000000004 0.95352681267494688 0.99944444444444458 1.0000000180025095e-35 0.99132781589833019 0.98786952752527057 0.075000000000000025 0.98949508557258292 0.63500000000000012 0.63500000000000012 0.67207142857142876 0.43500000000000005 0.64500000000000013 0.99038749223065503 0.75763888888888908 0.99025397400944926 0.72236111111111134 0.21500000000000002 0.70275252525252541 0.99709383392077544 0.66809090909090918
decision_type=2 2 2 2 2 2 2 2 2 2 2 2 2 2 2 2 2 2 2 2 2 2 2 2 2 2 2 2 2 2
left_child=1 -1 3 4 7 18 8 -3 14 -6 11 -7 17 25 19 -9 27 -12 24 -5 -21 -20 -17 -18 -2 -11 -10 -4 29 -16
right_child=5 2 16 6 9 10 -8 15 26 13 12 -13 -14 -15 28 22 23 -19 21 20 -22 -23 -24 -25 -26 -27 -28 -29 -30 -31
leaf_value=0.073913683776070466 0.005805221211625574 -0.077647932892100271 -0.0093266083294447112 -0.090438600481584155 0.011820944779500388 0.045266373687455723 -0.024614611102441824 -0.0064203480806535179 -0.0063247040678949444 -0.030054477879017077 0.0064377937920891901 0.014604237326903809 0.010402939132526471 -0.065765908303396042 -0.10838139592179677 -0.048722400603278933 -0.065039679413378571 0.053895804143283259 0.047731528740760094 -0.028179772111540258 -0.079530265876452871 0.016006925307148354 -0.089521432771355616 9.3115707018558938e-05 -0.036514131100816069 -0.012632926602823778 -0.067063988849623321 0.0050263435374766057 -0.12241402669934734 -0.080740912363654452
leaf_weight=314.93981929123402 90.256569042801857 172.23688998818398 180.60038864612579 144.45328630506992 62.83570770919323 165.29013210535049 30.138889148831367 23.415329426527023 13.726979643106462 176.76541037857533 18.222117960453033 115.20018267631531 36.76126229763031 32.079496562480927 68.391354501247406 262.42686878144741 17.876204967498783 715.52887609601021 40.250577390193939 28.023423388600349 78.127414032816887 295.99464939534664 23.075330421328545 12.561080217361448 20.36102768778801 217.98831807076931 11.814567193388937 292.96226958930492 43.115998968482018 56.004318132996559
leaf_count=1439 403 749 803 625 281 748 133 103 60 780 82 516 164 140 295 1150 78 3245 181 123 340 1327 101 56 90 967 52 1304 185 243
internal_value=-3.64162e-05 -0.0242118 -0.0400711 -0.0531004 -0.0389457 0.0364972 -0.082104 -0.0589748 -0.0860094 -0.0192648 0.0458878 0.0326731 0.0506984 -0.0238411 -0.0891608 -0.0485636 -0.00272491 0.0527172 0.0144109 -0.0800759 -0.0659739 0.0198046 -0.0520199 -0.0381602 -0.00198437 -0.0204341 -0.0344204 -0.000447375 -0.102752 -0.0959373
internal_weight=3761.42 2263.56 1948.62 1444.62 970.823 1497.87 473.796 481.154 443.657 489.669 1051 280.49 770.512 426.833 418.116 308.918 504 733.751 446.863 250.604 106.151 336.245 285.502 30.4373 110.618 394.754 25.5415 473.563 167.512 124.396
internal_count=16763 10007 8568 6327 4271 6756 2056 2103 1923 2168 4755 1264 3491 1887 1811 1354 2241 3327 2001 1088 463 1508 1251 134 493 1747 112 2107 723 538
is_linear=0
shrinkage=0.05


Tree=2
num_leaves=31
num_cat=0
split_feature=1 0 2 3 0 1 1 0 2 0 6 2 6 0 1 0 1 0 2 1 1 2 6 6 0 2 0 0 1 0
split_gain=1205.58 1280.11 333.289 204.903 184.75 134.07 74.9572 60.9774 43.1799 37.7972 47.6222 30.6638 23.8017 22.6618 21.4922 23.4113 16.2948 15.017 14.0764 10.5148 10.4716 9.89676 9.79966 9.64135 9.39936 9.54874 11.5102 9.12056 9.00225 10.2092
threshold=0.81029411764705905 1.5000000000000002 0.67500000000000016 1.0000000180025095e-35 10.500000000000002 0.61340579710144938 0.8725543478260871 7.5000000000000009 0.58500000000000008 1.5000000000000002 0.94150048422944932 0.13500000000000004 0.99132781589833019 8.5000000000000018 0.72236111111111134 7.5000000000000009 0.55045454545454564 2.5000000000000004 0.63500000000000012 0.53522727272727288 0.75031250000000016 0.18500000000000003 0.99038749223065503 0.99709383392077544 15.500000000000002 0.47500000000000003 6.5000000000000009 25.500000000000004 0.66607692307692334 5.5000000000000009
decision_type=2 2 2 2 2 2 2 2 2 2 2 2 2 2 2 2 2 2 2 2 2 2 2 2 2 2 2 2 2 2
left_child=1 -1 3 5 6 13 17 8 23 10 -8 -7 14 19 15 -13 21 -2 22 -3 -4 -9 -19 28 25 26 -16 -6 -5 -30
right_child=4 2 20 7 27 11 9 16 -10 -11 -12 12 -14 -15 24 -17 -18 18 -20 -21 -22 -23 -24 -25 -26 -27 -28 -29 29 -31
leaf_value=0.072209877988343815 -0.0039795976610721463 -0.077227237897998915 -0.0081988485591752893 -0.097703544243614521 -0.0061350890611548839 0.0072105681228922195 0.0056190871683270208 -0.042131304405744516 -0.046310570780456251 0.057395607896638279 0.048479107348983107 -0.045740740167798888 -0.062735390825345919 -0.038219064395292129 0.031349065855441352 -0.01726782638188026 -0.030826287237199074 0.014725091197934199 0.032957133408749388 -0.05748386716749683 0.0066607192338163472 -0.10115638991612615 -0.037745967709654278 -0.11615538623017495 0.027308704084462287 -0.022301340244161146 -0.013160479497489566 0.043355899070659489 -0.086810721067167168 -0.050841564913156216
leaf_weight=306.46700854599476 48.487213686108589 146.8027955442667 313.83923631906509 156.19778677821159 238.64732918143272 75.378286361694336 91.19178032875061 12.782708004117014 58.665371254086494 611.24515007436275 224.02817812561989 157.58052787184715 42.501315131783485 82.384740024805069 21.050686687231064 133.23426587879658 77.119837760925293 50.389855042099953 194.33048272132874 124.73820143938065 190.5419903844595 15.979154199361799 10.806763857603071 39.35264889895916 14.251314297318457 136.68869195878506 46.854754239320755 9.6870033144950849 99.049714878201485 24.633813261985779
leaf_count=1439 217 624 1391 657 1069 337 409 55 253 2828 1034 685 182 357 93 581 333 226 882 538 850 68 47 164 63 604 207 44 420 106
internal_value=-1.39127e-05 -0.0228504 -0.0376414 -0.0497088 0.0351345 -0.0365815 0.0430739 -0.0763407 -0.0857369 0.0501432 0.0360799 -0.0227033 -0.0267869 -0.0611888 -0.0237892 -0.0326961 -0.042805 0.0215309 0.0263716 -0.0681577 -0.00258529 -0.0749237 0.00545918 -0.0929823 -0.011953 -0.0146879 0.00063748 -0.00420455 -0.089724 -0.0796468
internal_weight=3754.91 2276.09 1969.63 1465.25 1478.81 981.466 1230.48 483.781 377.899 926.465 315.22 627.54 552.162 353.926 509.66 290.815 105.882 304.014 255.527 271.541 504.381 28.7619 61.1966 319.234 218.845 204.594 67.9054 248.334 279.881 123.684
internal_count=16763 10007 8568 6327 6756 4271 5643 2056 1600 4271 1443 2752 2415 1519 2233 1266 456 1372 1155 1162 2241 123 273 1347 967 904 300 1113 1183 526
is_linear=0
shrinkage=0.05


Tree=3
num_leaves=31
num_cat=0
split_feature=1 0 2 3 0 1 1 0 0 0 5 1 2 5 1 1 2 0 2 5 2 1 2 5 5 2 2 3 0 1
split_gain=1095.06 1165.83 294.953 177.463 171.555 116.993 70.8179 60.2911 36.5407 36.1088 44.8006 29.9333 22.5876 19.7155 16.1968 13.8976 13.8782 13.7717 12.9987 12.3459 11.5491 10.3768 9.99614 9.36619 8.91693 8.68349 8.66876 8.48578 8.37485 8.20791
threshold=0.81029411764705905 1.5000000000000002 0.63500000000000012 1.0000000180025095e-35 10.500000000000002 0.65707142857142875 0.8725543478260871 7.5000000000000009 8.5000000000000018 1.5000000000000002 0.93001872037889599 0.78371710526315808 0.13500000000000004 0.98193825405398238 0.6535416666666668 0.53522727272727288 0.3050000000000001 2.5000000000000004 0.63500000000000012 0.97703748497491472 0.52500000000000013 0.74449494949494965 0.49500000000000005 0.98707726983173971 0.96811605496311626 0.66500000000000015 0.39500000000000007 1.0000000180025095e-35 24.500000000000004 0.47944444444444456
decision_type=2 2 2 2 2 2 2 2 2 2 2 2 2 2 2 2 2 2 2 2 2 2 2 2 2 2 2 2 2 2
left_child=1 -1 3 5 6 8 17 11 15 10 -8 -5 -7 -4 -9 -3 -17 -2 26 -14 22 -15 -21 -12 -16 -23 -19 -20 -6 -10
right_child=4 2 13 7 28 12 9 14 29 -11 23 -13 19 21 24 16 -18 18 27 20 -22 25 -24 -25 -26 -27 -28 -29 -30 -31
leaf_value=0.070662634207356939 -0.0037756036606086856 -0.072316114910452742 -0.00027370692009451704 -0.087179303758924048 -0.0059902991423819354 0.010940644213100814 0.0037592108973386593 -0.056465041663817862 -0.064443637645023685 0.055760500766812771 0.036408774403144502 -0.039124288906964955 -0.014699448417839628 -0.03370570811824198 -0.044842847546017056 -0.037402561187014793 -0.063482420826726935 0.055301997521006521 0.02628402827257972 -0.03498786854250132 -0.012044360566819644 -0.043985029052274111 -0.075565745212260282 0.056760996968677674 0.00087418486038769909 0.0023275761855247848 -0.0018830533630958533 0.052136342510995748 0.038064932335889479 -0.024470525663609886
leaf_weight=297.73980076611042 48.549961939454079 147.49122703075409 439.15900072455406 329.8452178388834 237.36239232122898 62.443360418081284 84.791237711906433 60.163492098450661 14.53523004055023 598.04786492884159 115.45373982191086 35.935855895280838 247.69635492563248 79.369278699159622 17.388304993510246 89.58908149600029 118.46165755391121 7.5642556548118582 151.96888302266598 79.353797808289528 44.52199524641037 12.572754085063933 18.766577184200287 110.76375776529312 27.588937968015671 51.908886805176735 53.499131083488464 40.12226890027523 11.301144942641256 110.24845026433468
leaf_count=1439 217 616 1949 1366 1061 281 381 254 62 2828 541 153 1082 346 75 383 502 34 697 344 194 54 81 521 119 232 239 185 52 475
internal_value=5.98558e-06 -0.0216052 -0.0354307 -0.0478442 0.0338391 -0.0352159 0.0416079 -0.0728664 -0.0524053 0.0485743 0.0347557 -0.0824582 -0.0169808 -0.00553608 -0.0394971 -0.0605754 -0.0522521 0.0206177 0.0252959 -0.0214474 -0.0331652 -0.0216015 -0.0427488 0.0463739 -0.0168001 -0.00670254 0.00520077 0.0316838 -0.0039881 -0.0291267
internal_weight=3744.2 2284.78 1987.04 1404.03 1459.42 933.108 1210.76 470.922 480.326 909.057 311.009 365.781 452.782 583.01 105.141 355.542 208.051 301.705 253.155 390.339 142.642 143.851 98.1204 226.217 44.9772 64.4816 61.0634 192.091 248.664 124.784
internal_count=16763 10007 8568 5987 6756 4020 5643 1967 2038 4271 1443 1519 1982 2581 448 1501 885 1372 1155 1701 619 632 425 1062 194 286 273 882 1113 537
is_linear=0
shrinkage=0.05


Tree=4
num_leaves=31
num_cat=0
split_feature=1 0 2 3 0 1 0 1 0 6 0 1 1 6 2 1 1 1 2 0 6 0 6 2 0 2 2 1 0 2
split_gain=996.596 987.003 360.623 174.2 129.627 122.385 49.2279 33.7214 32.0938 28.6131 37.0318 21.6979 20.4459 20.3663 17.3997 13.765 13.1964 12.2467 12.1278 11.589 11.1488 10.8341 9.36217 9.23797 8.98668 11.1089 8.88193 8.81257 9.09488 8.74228
threshold=0.84462566844919806 1.5000000000000002 0.63500000000000012 1.0000000180025095e-35 10.500000000000002 0.65707142857142875 7.5000000000000009 0.79968750000000022 8.5000000000000018 0.95532614437209895 2.5000000000000004 0.79675438596491255 0.8725543478260871 0.99160629428250624 0.14500000000000005 0.55045454545454564 0.75031250000000016 0.53522727272727288 0.3050000000000001 14.500000000000002 0.7964548930118166 13.500000000000002 0.99709383392077544 0.18500000000000003 8.5000000000000018 0.47500000000000003 0.67500000000000016 0.66607692307692334 5.5000000000000009 0.69500000000000017
decision_type=2 2 2 2 2 2 2 2 2 2 2 2 2 2 2 2 2 2 2 2 2 2 2 2 2 2 2 2 2 2
left_child=1 -1 3 5 9 8 7 22 17 10 -2 21 -11 14 -7 23 20 -3 -19 -15 -16 26 27 -8 -22 -26 -4 -5 -29 -28
right_child=4 2 11 6 -6 13 15 -9 -10 12 -12 -13 -14 19 16 -17 -18 18 -20 -21 24 -23 -24 -25 25 -27 29 28 -30 -31
leaf_value=0.069252956270909757 0.014108515280548234 -0.067746571390414803 -0.028678962701592915 -0.085237799719209598 -0.002219423440301516 0.011579949853676476 -0.036268179381807611 -0.024024585958902386 -0.027459659587692826 0.027589314945882355 0.05063547032025742 0.011811358825784503 0.05267344046490318 -0.061163286442277469 -0.0030902201956757172 -0.027574873551982588 -0.0044149503542049526 -0.035200382479667197 -0.059443271521743973 0.01928691423720532 -0.037492882610927397 0.0096473901998828122 -0.10224040349729074 -0.092692665066311131 0.0018309995510823907 -0.037436943186809443 0.025456869373388143 -0.074260712498886883 -0.041774547232867755 -0.0087930653516627849
leaf_weight=288.8361618667841 152.05330197513103 149.51214694976807 54.072788149118423 164.80041646957397 174.4771890938282 70.185294181108475 13.090168535709383 28.699235931038857 125.71222947537899 92.833693206310272 127.63340291380882 235.20294374227524 650.25633370876312 31.889618515968323 55.331295385956764 80.995450377464294 163.58314427733421 90.412102818489075 120.13981676101685 5.2073946744203559 113.08417288959026 86.639720916748047 43.029672279953957 16.270588278770447 41.931729763746262 31.571753054857254 19.650552079081535 117.42076353728771 26.386074051260948 359.23205131292343
leaf_count=1439 700 616 234 671 781 316 55 124 537 425 609 1068 3138 135 240 345 720 383 502 23 488 385 174 67 182 137 87 482 110 1590
internal_value=2.29694e-05 -0.0177456 -0.0289433 -0.0432129 0.0376138 -0.0312255 -0.0676074 -0.0761382 -0.0492099 0.044409 0.0307774 -0.00078875 0.0495397 -0.0141883 -0.0114056 -0.0382068 -0.0153839 -0.0568037 -0.0490332 -0.0498703 -0.0228011 -0.00649239 -0.0803915 -0.0675364 -0.0286462 -0.0150357 -0.00972216 -0.077345 -0.0683001 -0.00701671
internal_weight=3730.14 2532.89 2244.05 1489.25 1197.25 998.561 490.692 380.336 485.776 1022.78 279.687 754.798 743.09 512.784 475.687 110.356 405.502 360.064 210.552 37.097 241.919 519.595 351.637 29.3608 186.588 73.5035 432.955 308.607 143.807 378.883
internal_count=16763 11110 9671 6307 5653 4279 2028 1561 2038 4872 1309 3364 3563 2241 2083 467 1767 1501 885 158 1047 2296 1437 122 807 319 1911 1263 592 1677
is_linear=0
shrinkage=0.05


Tree=5
num_leaves=31
num_cat=0
split_feature=1 0 2 3 1 0 0 1 5 0 1 5 5 0 1 0 2 5 1 1 2 1 2 0 2 2 2 0 1 2
split_gain=955.755 904.437 335.426 139.256 104.158 92.6173 38.7418 37.6231 32.5321 32.188 21.852 20.8978 19.7261 18.5917 18.219 16.8794 13.1315 11.569 11.1923 10.5684 10.2025 9.34098 10.4915 9.26025 10.2475 9.58962 9.02329 8.94857 8.80605 12.6316
threshold=0.84925824175824194 1.5000000000000002 0.63500000000000012 1.0000000180025095e-35 0.61522727272727284 10.500000000000002 7.5000000000000009 0.80019230769230787 0.9425775648105611 2.5000000000000004 0.79675438596491255 0.98881043050819173 0.99102713706645773 6.5000000000000009 0.74449494949494965 7.5000000000000009 0.12500000000000003 0.96722107338331087 0.67207142857142876 0.66958333333333353 0.74500000000000011 0.54038461538461546 0.18500000000000003 14.500000000000002 0.67500000000000016 0.8650000000000001 0.62500000000000011 10.500000000000002 0.69458041958041983 0.45500000000000007
decision_type=2 2 2 2 2 2 2 2 2 2 2 2 2 2 2 2 2 2 2 2 2 2 2 2 2 2 2 2 2 2
left_child=1 -1 3 4 13 8 7 28 9 -2 12 14 23 -3 15 16 -6 26 -18 -8 -10 -15 -23 24 -4 -25 -16 -12 -5 -30
right_child=5 2 10 6 11 -7 19 -9 20 -11 27 -13 -14 21 17 -17 18 -19 -20 -21 -22 22 -24 25 -26 -27 -28 -29 29 -31
leaf_value=0.067964751014460464 0.011540190984894302 -0.061420259024179483 -0.027588418331718986 -0.080412952077731692 0.028360343874410821 0.0037477516991006703 -0.049283915366355263 -0.01222539652401658 0.031295610889885903 0.049065218596321875 0.017424442107166083 -0.049615659981136817 -0.054391429511603119 -0.052093550263741108 -0.011962715790467345 -0.01136543499010978 -0.049470916226354994 0.0070496703991751522 -0.024020123903724752 -0.01804918288873111 0.051279959019074964 0.0092978170839053444 -0.03581081036584486 -0.0059813284844817283 -0.0041327007695633943 0.032479078841720896 -0.071544621716185544 -0.0029178951259167074 -0.032236161321028592 -0.071474477762963076
leaf_weight=281.96277171373367 130.62702111899853 202.31751102209091 52.960916355252266 221.04579676687717 8.3346944749355298 164.50685161352158 66.82856822013855 26.250026196241379 70.541073217988014 101.59094566106796 183.12616162002087 47.833277568221092 20.501957252621651 73.839722484350204 104.52376045286655 180.56872272491455 80.943790346384048 114.57150693237782 92.631937488913536 45.533589422702789 674.89522725343704 15.495654404163359 76.661094844341278 32.361801266670227 385.58698618412018 32.467991068959236 6.7657414227724066 76.707297623157501 25.117750734090805 111.81928586959839
leaf_count=1450 602 832 228 892 37 736 277 113 332 496 842 202 88 305 462 782 339 505 397 195 3318 66 322 144 1706 145 30 344 103 455
internal_value=0.000408179 -0.0165231 -0.0269496 -0.0407924 -0.0300845 0.0384576 -0.0624517 -0.0700039 0.0442981 0.0279567 -0.000436056 -0.0178336 -0.00631594 -0.0512448 -0.0152497 -0.0221951 -0.0329449 -0.00410318 -0.0358886 -0.0366264 0.0493888 -0.038843 -0.028226 -0.00435788 -0.00696531 0.0132804 -0.0155849 0.011419 -0.0742406 -0.0642772
internal_weight=3708.92 2566.76 2284.8 1501.08 1004.49 1142.16 496.595 384.233 977.654 232.218 783.713 636.173 523.88 368.314 588.34 362.479 181.91 225.861 173.576 112.362 745.436 165.996 92.1567 503.378 438.548 64.8298 111.29 259.833 357.983 136.937
internal_count=16745 11261 9811 6314 4279 5484 2035 1563 4748 1098 3497 2754 2311 1525 2552 1555 773 997 736 472 3650 693 388 2223 1934 289 492 1186 1450 558
is_linear=0
shrinkage=0.05


Tree=6
num_leaves=31
num_cat=0
split_feature=1 1 2 3 1 1 5 6 1 1 5 2 7 6 5 1 2 5 1 2 6 1 7 2 2 2 1 2 2 5
split_gain=873.162 830.626 299.646 124.699 92.6691 28.1694 23.2244 19.9235 19.7602 17.6473 17.511 15.4411 15.3733 12.2945 12.1424 17.5881 11.5609 10.8953 10.8739 11.736 10.8421 11.0792 10.4381 9.46414 9.01761 8.70156 8.6371 8.54953 8.15564 8.07831
threshold=0.84925824175824194 1.0000000180025095e-35 0.63500000000000012 1.0000000180025095e-35 0.61522727272727284 0.73757352941176479 0.98662381516047726 0.99160629428250624 0.79675438596491255 0.74449494949494965 0.99102713706645773 0.63500000000000012 1.0000000180025095e-35 0.94828368824654807 0.88838927003063517 0.99944444444444458 0.3050000000000001 0.99796205611897959 0.92345238095238125 0.93500000000000016 0.98986061721676866 0.47183333333333338 1.0000000180025095e-35 0.31500000000000006 0.21500000000000002 0.56500000000000017 0.80019230769230787 0.2950000000000001 0.67500000000000016 0.80560848713098865
decision_type=2 2 2 2 2 2 2 2 2 2 2 2 2 2 2 2 2 2 2 2 2 2 2 2 2 2 2 2 2 2
left_child=1 -1 3 4 20 12 11 9 10 16 28 -2 17 -11 15 -13 -6 -5 19 -16 21 29 -8 -23 -14 27 -7 -9 -4 -3
right_child=6 2 8 5 7 26 22 25 -10 13 -12 14 24 -15 18 -17 -18 -19 -20 -21 -22 23 -24 -25 -26 -27 -28 -29 -30 -31
leaf_value=0.066784347049292245 0.0065235402584653893 -0.084344184001485731 -0.021639774063624398 -0.065402944659975967 -0.0074709716646148812 -0.045875752246057659 0.051067278074249114 -0.021774875810853911 0.010895241177132368 -0.018067195790816334 -0.050975307491680701 0.036938865875962582 0.00083208095003945055 0.0059510340558524312 0.037245694292101686 0.0067755077364439866 -0.026903351682500479 -0.098722113479072948 0.043951462034878139 0.012242978051318538 -0.074808739347215367 -0.03139593406032009 0.014228581674776987 -0.050688239125176254 -0.062704691650722136 0.0059455811363251206 -0.015463672159917882 -0.071391150637116318 -0.0018228879087153465 -0.05066197613296182
leaf_weight=272.83062040805817 52.76464481651783 26.40085956454277 58.773417681455612 338.5915932059288 108.91695262491703 78.420884221792221 295.13153313100338 12.43328310549259 258.75521630048752 86.832075282931328 20.77471911907196 111.08549897372723 13.398929119110109 137.89254562556744 155.53491151332855 85.544032156467438 257.46554130315781 26.452167600393295 335.45981386303902 67.216997489333153 34.892035529017448 135.97705256938934 20.569015458226204 119.38181012868881 9.5752865523099882 6.4706886261701575 33.242619469761848 28.778821855783463 445.18970879912376 54.653362289071083
leaf_count=1450 243 107 252 1369 472 321 1477 54 1186 382 88 540 56 609 757 391 1092 106 1666 317 143 562 93 491 40 27 143 118 1971 222
internal_value=0.00040388 -0.0156897 -0.0255016 -0.0385215 -0.0284148 -0.058952 0.0371682 -0.0168685 -0.000412475 -0.0143605 -0.00598846 0.0326732 -0.0653206 -0.00332945 0.0345011 0.0238162 -0.0211266 -0.0678174 0.0382649 0.0297009 -0.0482789 -0.0455273 0.0486671 -0.0404152 -0.025649 -0.0479589 -0.036822 -0.0564224 -0.00413398 -0.0616329
internal_weight=3689.41 2566.1 2293.27 1509.78 1010.1 499.681 1123.31 638.79 783.493 591.107 524.738 807.606 388.018 224.725 754.841 196.63 366.382 365.044 558.212 222.752 371.305 336.413 315.701 255.359 22.9742 47.6828 111.664 41.2121 503.963 81.0542
internal_count=16745 11261 9811 6314 4279 2035 5484 2754 3497 2555 2311 3914 1571 991 3671 931 1564 1475 2740 1074 1525 1382 1570 1053 96 199 464 172 2223 329
is_linear=0
shrinkage=0.05


Tree=7
num_leaves=31
num_cat=0
split_feature=2 0 3 0 0 2 0 0 6 2 2 0 6 5 6 5 5 2 0 2 0 3 6 6 6 6 5 0 5 5
split_gain=634.058 909.922 124.992 91.7966 48.2742 47.195 35.713 29.887 40.505 20.7724 20.7659 14.8863 14.7164 13.176 12.233 11.5798 10.9288 10.4763 10.4151 10.2086 9.0409 8.76804 8.00998 7.77104 6.66089 6.05467 10.9395 6.04717 6.03123 5.7768
threshold=0.63500000000000012 1.5000000000000002 1.0000000180025095e-35 10.500000000000002 6.5000000000000009 0.77500000000000013 7.5000000000000009 4.5000000000000009 0.95385650402295752 0.60500000000000009 0.51500000000000012 1.5000000000000002 0.99160629428250624 0.9893795428636537 0.9907076845275602 0.9703471905601212 0.9621907932458803 0.14500000000000005 18.500000000000004 0.99500000000000011 14.500000000000002 1.0000000180025095e-35 0.96365390178550381 0.99732507987296082 0.97333858286300268 0.97464118617385431 0.97668443579425146 14.500000000000002 0.96722107338331087 0.96430845192688019
decision_type=2 2 2 2 2 2 2 2 2 2 2 2 2 2 2 2 2 2 2 2 2 2 2 2 2 2 2 2 2 2
left_child=1 -1 4 5 10 22 9 8 11 23 14 21 17 18 -3 16 -12 29 -5 -9 -8 -7 -2 -4 -24 -17 -27 -14 -18 -6
right_child=3 2 6 13 12 7 20 19 -10 -11 15 -13 27 -15 -16 25 28 -19 -20 -21 -22 -23 24 -25 -26 26 -28 -29 -30 -31
leaf_value=0.065700028301087524 0.00016072498195586059 -0.039638810493754353 -0.063202522762663277 -0.0019049174670539523 -0.012155880628218669 -0.00081090508406147675 -0.035035178981082431 0.019451194104709378 0.047051049134228751 -0.024399693518314655 -0.021898587056635773 0.035318763810221497 -0.051505624872047018 -0.043012833621254735 -0.072434032611984819 -0.036270073995539685 -0.10783739675166742 -0.016754208841769248 0.022021055860415337 0.04000359458358034 0.015308981043503098 0.037576915061343891 0.038537574147667196 -0.086810540320339025 0.012879130592065541 0.070507603375883909 -0.0025901180418150425 -0.0022903756112018811 -0.035544011314863531 0.010188470967535187
leaf_weight=263.69829624891281 118.20989359915257 338.67991043627262 319.35558274388313 313.05077736079693 52.641147911548615 81.886768087744713 108.1088212877512 401.80860315263271 455.70660027861595 33.131622046232224 44.765232622623444 77.828630715608597 36.714508160948753 17.356742471456528 31.041182979941368 9.5933678895235044 6.5798276364803296 431.64173439145088 53.216972514986992 71.113345414400101 9.7194583863019925 18.176830321550369 29.239258944988251 39.128747150301933 187.44061234593391 5.960392251610755 36.229602858424187 7.5199708491563788 5.1377242207527161 64.208985850214958
leaf_count=1450 541 1404 1285 1400 231 376 448 1905 2329 139 192 384 152 76 126 42 28 1840 241 352 41 84 134 157 867 26 156 33 22 284
internal_value=0.000397962 -0.0202815 -0.0346302 0.0212907 -0.0249302 0.0270757 -0.055017 0.032053 0.0391524 -0.0622785 -0.0367527 0.0189184 -0.0153962 -0.000445761 -0.0423922 -0.0174939 -0.033151 -0.0131589 0.00157141 0.0225417 -0.0308824 0.00616235 0.01063 -0.0657793 0.0163415 -0.000415928 0.00773676 -0.0431389 -0.0761394 0.000122309
internal_weight=3668.89 1843.86 1580.16 1825.04 1070.71 1441.41 509.444 1106.52 633.599 391.616 477.987 177.892 592.726 383.624 369.721 108.266 56.4828 548.492 366.268 472.922 117.828 100.064 334.89 358.484 216.68 51.7834 42.19 44.2345 11.7176 116.85
internal_count=16745 8056 6606 8689 4536 6972 2070 5430 3173 1581 1996 844 2540 1717 1530 466 242 2355 1641 2257 489 460 1542 1442 1001 224 182 185 50 515
is_linear=0
shrinkage=0.05


Tree=8
num_leaves=31
num_cat=0
split_feature=1 0 2 3 0 1 0 1 6 0 0 2 1 1 2 2 6 2 2 1 1 0 6 0 2 2 6 1 1 1
split_gain=749.208 707.933 231.863 101.101 81.498 81.0292 31.1935 29.8394 25.2579 30.0214 20.5099 18.8163 17.7889 17.3785 17.3584 13.7456 12.8094 10.5011 10.3724 9.8884 9.51546 8.24656 9.56985 7.99118 11.5185 8.7685 7.85288 7.83737 7.69764 7.19511
threshold=0.84925824175824194 1.5000000000000002 0.63500000000000012 1.0000000180025095e-35 10.500000000000002 0.64894444444444466 7.5000000000000009 0.79968750000000022 0.87051359802160888 2.5000000000000004 8.5000000000000018 0.3050000000000001 0.8097500000000003 0.79020833333333351 0.64500000000000013 0.67500000000000016 0.98002534929903118 0.52500000000000013 0.27500000000000008 0.8725543478260871 0.54522727272727278 1.5000000000000002 0.98709612042634076 13.500000000000002 0.68500000000000016 0.87500000000000011 0.95778417471911947 0.47183333333333338 0.94763888888888903 0.67207142857142876
decision_type=2 2 2 2 2 2 2 2 2 2 2 2 2 2 2 2 2 2 2 2 2 2 2 2 2 2 2 2 2 2
left_child=1 -1 3 5 8 10 7 29 9 -2 18 -7 15 16 -14 -4 -13 -18 27 -10 -8 22 -21 24 -17 26 -25 -3 -23 -5
right_child=4 2 12 6 -6 11 20 -9 19 -11 -12 13 14 -15 -16 23 17 -19 -20 21 -22 28 -24 25 -26 -27 -28 -29 -30 -31
leaf_value=0.064701690411806373 0.0069852572155476083 -0.053093200096671726 -0.025680452263614012 -0.06978415908883942 0.0024639435471297895 0.0037062278103466048 -0.055175782930930617 -0.012408489405460944 0.02869884207109932 0.048827920485077531 -0.02297713785094746 -0.015998927735002652 0.044346401784216477 0.002540486540391176 0.0051786704288806886 0.044531411964421404 -0.047132642572028684 -0.012802754048153392 -0.055477878771021095 0.028849434107428115 -0.021725434135118668 0.044833256995319745 0.050179531556403117 0.021420165633847885 -0.0068492149300933142 0.025940583693773236 -0.02265957534434191 -0.030798272517280297 0.05793100218623385 -0.055434424401708232
leaf_weight=254.60916385054588 106.26419925689697 59.286664128303528 73.486096084117889 205.8027695864439 163.04891707003117 136.57589657604694 28.189114898443222 30.806647926568985 84.52382056415081 71.854690060019493 121.91392104327679 218.85691183805466 33.954744249582291 84.158408179879189 169.48063884675503 11.211461231112478 76.02133284509182 31.508005291223526 173.40668907761574 113.86855466663837 86.494530811905861 252.58203533291817 97.705165520310402 16.586652010679245 402.70237556099892 46.873668253421783 25.851936787366867 117.62335403263569 201.80192017555237 151.78039446473122
leaf_count=1450 496 238 315 824 736 601 114 130 405 367 508 931 160 369 787 50 316 134 702 582 358 1320 515 74 1785 211 115 480 1063 609
internal_value=0.000390559 -0.0144126 -0.0231608 -0.0345187 0.0350669 -0.0254669 -0.0528598 -0.0596254 0.0407915 0.0238649 -0.0406407 -0.0123702 -0.000996233 -0.0177183 0.011716 -0.00548049 -0.022942 -0.0370734 -0.0467878 0.0448089 -0.0299475 0.0468536 0.0386997 -0.00253069 -0.0054575 0.0110335 -0.0054315 -0.0382698 0.0506503 -0.0636932
internal_weight=3648.83 2557.18 2302.57 1522.42 1091.65 1019.35 503.073 388.39 928.6 178.119 472.231 547.121 780.148 410.545 203.435 576.712 326.386 107.529 350.317 750.481 114.684 665.958 211.574 503.226 413.914 89.3123 42.4386 176.91 454.384 357.583
internal_count=16745 11261 9811 6314 5484 4279 2035 1563 4748 863 1928 2351 3497 1750 947 2550 1381 450 1420 3885 472 3480 1097 2235 1835 400 189 718 2383 1433
is_linear=0
shrinkage=0.05


Tree=9
num_leaves=31
num_cat=0
split_feature=1 0 2 0 0 1 1 3 5 0 3 6 1 1 5 2 2 1 2 2 0 0 1 2 0 0 6 2 2 2
split_gain=685.195 652.819 208.423 92.258 76.5136 53.2298 52.6603 33.6393 27.7382 27.7088 19.7506 16.4378 16.2595 15.7519 15.2261 12.4998 10.3973 9.55411 9.25356 8.76229 8.29933 8.08608 8.02467 7.98662 7.69027 7.62002 7.60236 7.55032 7.19205 7.69231
threshold=0.84925824175824194 1.5000000000000002 0.63500000000000012 6.5000000000000009 10.500000000000002 0.56436507936507951 0.73757352941176479 1.0000000180025095e-35 0.9425775648105611 2.5000000000000004 1.0000000180025095e-35 0.99251011038185066 0.79675438596491255 0.66414285714285726 0.99102713706645773 0.47500000000000003 0.18500000000000003 0.80019230769230787 0.39500000000000007 0.74500000000000011 6.5000000000000009 14.500000000000002 0.91345238095238113 0.8650000000000001 16.500000000000004 11.500000000000002 0.91433024673519991 0.27500000000000008 0.67500000000000016 0.69500000000000017
decision_type=2 2 2 2 2 2 2 2 2 2 2 2 2 2 2 2 2 2 2 2 2 2 2 2 2 2 2 2 2 2
left_child=1 -1 3 6 8 16 7 13 9 -2 15 24 14 27 21 -8 -5 -12 -15 -10 -16 28 26 -23 -7 -14 -11 -3 -4 -30
right_child=4 2 12 5 -6 11 10 -9 19 22 17 -13 25 18 20 -17 -18 -19 -20 -21 -22 23 -24 -25 -26 -27 -28 -29 29 -31
leaf_value=0.063780589909562549 0.0090200833256922595 -0.03966408432991423 -0.023783319745251726 -0.02432556135160098 0.0023427429741234543 -0.011517026917241864 0.029316009266526877 -0.06559931827206425 0.027426748266090213 0.036893257778580414 -0.049849245695797746 -0.040479861771147804 0.014315960896254636 -0.0030851669694304559 -0.086614240197073172 -0.014776706303524109 -0.052342277108837022 -0.012883849508572402 -0.035467424383603792 0.046376654073250645 -0.022319414029145779 -0.005113886795620394 0.057447949550286384 0.030119329184708526 0.011028311428964882 -0.0057507876238246242 -0.024385345528094286 -0.056335534145259908 0.025724667621254117 -0.0059405542919749137
leaf_weight=245.60017064213753 127.84822914004326 134.54783816635609 53.858798503875732 45.74505802989006 162.91354215145111 467.18342350423336 20.071485102176666 248.01804466545582 67.656458735466003 35.229238480329514 58.795501038432121 47.394723057746887 192.93849022686481 32.753516405820847 8.2897836118936556 80.694858178496361 119.94266140460968 24.875369817018509 67.58204348385334 620.20138193666935 12.721659451723097 32.524274691939354 53.6004988104105 31.82008059322834 41.156139403581619 62.677447140216827 5.9105717390775672 137.13218507170677 20.243013352155685 364.97862090170383
leaf_count=1450 602 544 228 186 736 1981 87 995 332 181 236 195 903 138 35 348 485 105 281 3318 53 144 285 145 180 283 30 553 91 1615
internal_value=0.000384749 -0.0137146 -0.0219684 -0.0327162 0.0339012 -0.0197333 -0.0443588 -0.0513359 0.0395482 0.0242062 -0.0209035 -0.0123174 -0.00094429 -0.0418266 -0.00598405 -0.00599395 -0.0446071 -0.0388594 -0.0248966 0.0445128 -0.0476861 -0.00424353 0.0446993 0.0123099 -0.00969171 0.00939556 0.0280893 -0.0480791 -0.00666933 -0.00427658
internal_weight=3624.91 2551.55 2305.95 1525.89 1073.36 721.422 804.471 620.034 910.446 222.589 184.437 555.734 780.052 372.016 524.436 100.766 165.688 83.6709 100.336 687.858 21.0114 503.425 94.7403 64.3444 508.34 255.616 41.1398 271.68 439.08 385.222
internal_count=16745 11261 9811 6314 5484 3027 3287 2511 4748 1098 776 2356 3497 1516 2311 435 671 341 419 3650 88 2223 496 289 2161 1186 211 1097 1934 1706
is_linear=0
shrinkage=0.05


Tree=10
num_leaves=31
num_cat=0
split_feature=1 0 0 0 3 1 1 1 0 5 1 0 5 1 1 1 5 6 6 0 1 0 5 0 5 1 5 5 1 6
split_gain=620.561 654.363 143.551 112.127 70.0678 70.4944 48.1263 36.137 35.0217 31.865 14.8764 14.6477 13.3906 13.204 11.496 10.3197 10.319 9.80008 9.28533 7.84996 9.64441 7.73858 7.55169 8.4554 7.26221 6.99792 6.98839 6.92046 6.89308 6.8138
threshold=0.81320512820512836 1.5000000000000002 7.5000000000000009 10.500000000000002 1.0000000180025095e-35 0.72236111111111134 0.61340579710144938 0.8725543478260871 1.5000000000000002 0.93001872037889599 0.63809090909090926 16.500000000000004 0.9815051665342106 0.81343137254901976 0.77408333333333335 0.51225000000000021 0.98949508557258292 0.99820509802345947 0.98248392350219327 5.5000000000000009 0.71454545454545471 2.5000000000000004 0.98527335532596172 6.5000000000000009 0.9879659017280803 0.82741666666666691 0.97948935699601092 0.8982329262680373 0.94522727272727292 0.99231158178271506
decision_type=2 2 2 2 2 2 2 2 2 2 2 2 2 2 2 2 2 2 2 2 2 2 2 2 2 2 2 2 2 2
left_child=1 -1 4 7 5 10 15 13 9 -9 22 16 18 -2 17 -4 -8 19 26 -6 -21 -15 23 -3 -5 -23 -12 -27 -10 -17
right_child=3 2 6 24 14 -7 11 8 28 -11 12 -13 -14 21 -16 29 -18 -19 -20 20 -22 25 -24 -25 -26 27 -28 -29 -30 -31
leaf_value=0.062929094819776085 0.057816469182717427 -0.045448334254925143 -0.048608549074439011 -0.00071088121852949421 -0.059886552723881076 -0.0037742168224155037 -0.0046218294813875566 -0.00067062671427994846 0.042306852660368294 0.036493598593041493 -0.024693933062871529 0.016988576138881367 -0.046703829089479759 -0.0026557522614288434 -0.033371133732013863 -0.020106505169794942 -0.035736927756837143 -0.085360452536922787 0.021744204691689934 -0.0499313371273995 -0.010977460356557157 0.0033811945381731511 -0.065309449205760803 -0.02272563168725077 -0.03027740998883225 0.0042728373078076308 0.037738466801308608 0.030249838839257383 0.053927120564440378 -0.052849109955981903
leaf_weight=237.02915436029434 20.055703192949295 227.02329356968403 58.056472480297089 214.83980004489422 206.97853109240532 223.37556757032871 582.61978547275066 82.120501041412354 285.69565534591675 193.77389919757843 119.52798065543175 77.820448622107506 58.348207294940948 46.937859758734703 64.155891790986061 137.22366175055504 27.923265770077705 26.941437855362892 13.207279697060583 101.20291830599308 18.849106192588806 49.303338646888733 37.320794120430946 49.948091626167297 22.991219595074654 32.198677569627762 4.656892478466033 125.84525561332703 230.65424706041813 17.969997018575668
leaf_count=1452 98 919 236 969 835 971 2526 377 1553 1052 504 347 242 218 266 571 117 110 56 409 77 229 151 204 102 156 20 608 1273 73
internal_value=-5.21983e-05 -0.0157309 -0.0248119 0.0274751 -0.0365105 -0.0271979 -0.00987056 0.0343975 0.0398133 0.0254316 -0.0374566 -0.00344092 -0.0266362 0.0187576 -0.0528452 -0.0306252 -0.00604488 -0.0563747 -0.0181138 -0.0539868 -0.0438153 0.015677 -0.0441956 -0.0413506 -0.00356909 0.019827 -0.0223527 0.0249575 0.0474976 -0.0238978
internal_weight=3594.59 2290.18 2053.15 1304.42 1151.54 733.408 901.614 1066.59 792.244 275.894 510.033 688.363 195.74 274.341 418.128 213.25 610.543 353.972 137.392 327.031 120.052 254.285 314.292 276.971 237.831 207.347 124.185 158.044 516.35 155.194
internal_count=16721 10086 8634 6635 4764 3067 3870 5564 4255 1429 2096 2990 822 1309 1697 880 2643 1431 580 1321 486 1211 1274 1123 1071 993 524 764 2826 644
is_linear=0
shrinkage=0.05


Tree=11
num_leaves=31
num_cat=0
split_feature=1 1 2 3 1 1 5 1 2 1 1 5 6 2 1 5 1 6 5 1 2 1 1 2 6 2 2 7 5 1
split_gain=565.947 603.348 126.025 73.2359 62.5836 56.6181 19.9182 18.8049 14.3473 14.2444 12.1382 11.8442 10.8716 10.1616 10.0992 16.3213 13.3031 9.67665 9.6265 8.85264 8.39661 7.85786 7.60744 7.49095 7.10664 6.95752 6.90861 6.67538 7.86823 7.04827
threshold=0.81320512820512836 1.0000000180025095e-35 0.67500000000000016 1.0000000180025095e-35 0.57527777777777789 0.8725543478260871 0.98662381516047726 0.72236111111111134 0.075000000000000025 0.81343137254901976 0.77408333333333335 0.98949508557258292 0.99732507987296082 0.47500000000000003 0.99944444444444458 0.93001872037889599 0.92345238095238125 0.98966653517118941 0.98122820199174254 0.76693750000000016 0.96500000000000008 0.70275252525252541 0.76894444444444454 0.51500000000000012 0.99370307548489889 0.68500000000000016 0.85500000000000009 1.0000000180025095e-35 0.97286616934802772 0.66414285714285726
decision_type=2 2 2 2 2 2 2 2 2 2 2 2 2 2 2 2 2 2 2 2 2 2 2 2 2 2 2 2 2 2
left_child=1 -1 3 4 -3 9 14 8 -6 -2 12 21 27 17 16 -16 20 -9 -10 23 -7 24 -13 -15 -4 -18 -23 29 -29 -5
right_child=5 2 11 10 7 6 -8 13 18 -11 -12 22 -14 19 15 -17 25 -19 -20 -21 -22 26 -24 -25 -26 -27 -28 28 -30 -31
leaf_value=0.06214054853568142 0.051789084947249743 -0.043781909994691511 -0.0068862396938454782 -0.054353350237189062 0.0069071653681598948 0.028969879137858735 0.045154712332152749 0.011045886891597155 -0.02032381571461692 0.0084811641757748368 -0.026669714177745614 -0.049749953887132131 -0.073258533623347763 -0.046558070767859394 0.0036250175823042911 0.031847705890787614 -0.022051902568950343 -0.030436800373436879 -0.037869947233941652 -0.0031797333031770045 0.003673838830583807 0.011994014431966871 0.0014259539921905569 -0.014045091329469664 -0.068540850458839925 0.042750301545546453 -0.0031089142940457165 -0.068791863504123904 -0.0038726379971279522 -0.040491115399272332
leaf_weight=228.25737673044205 20.003961503505707 268.888463139534 183.10854223370552 212.76411093771458 39.602512568235397 161.23170474171638 258.34858037531376 104.12529824674129 324.46432028710842 373.36302314698696 68.338098526000977 20.765646636486057 42.810864761471748 28.425883680582047 90.044335678219795 118.82991619408131 4.2219216376543036 16.252552643418312 102.98163716495037 91.842910960316658 41.184464439749718 153.72980958223343 11.167005211114882 47.020702004432678 4.7962576597928992 218.93790808320045 149.21598136425018 6.3573885560035732 17.557084932923317 161.14952084422112
leaf_count=1452 100 1082 803 860 172 846 1441 455 1341 1751 281 86 176 119 419 651 20 69 420 395 205 686 49 200 21 1202 670 26 72 651
internal_value=-3.98811e-05 -0.0149807 -0.0235453 -0.0307764 -0.0230691 0.0264879 0.0334513 -0.0156895 -0.0218836 0.0106835 -0.0462766 -0.00234686 -0.0493174 -0.00563296 0.0286856 0.0196811 0.0331051 0.00544519 -0.0245511 -0.0136046 0.023823 -0.000427281 -0.0318535 -0.026295 -0.00845997 0.0415243 0.00455507 -0.046741 -0.0211307 -0.048379
internal_weight=3569.79 2283.62 2055.36 1532.58 1023.6 1286.17 892.799 754.716 467.048 393.367 508.977 522.783 440.639 287.667 634.45 208.874 425.576 120.378 427.446 167.289 202.416 490.851 31.9327 75.4466 187.905 223.16 302.946 397.828 23.9145 373.914
internal_count=16721 10086 8634 6319 4253 6635 4784 3171 1933 1851 2066 2315 1785 1238 3343 1070 2273 524 1761 714 1051 2180 135 319 824 1222 1356 1609 98 1511
is_linear=0
shrinkage=0.05


Tree=12
num_leaves=31
num_cat=0
split_feature=1 1 2 3 1 1 5 1 1 1 1 2 1 5 6 5 1 2 2 2 7 6 6 6 5 2 5 5 7 2
split_gain=516.542 532.542 142.504 75.492 57.7215 28.0396 18.6855 19.4272 15.3273 14.4603 13.0834 11.7325 13.1863 10.5137 9.9653 9.32474 9.05974 16.3103 9.05675 9.22964 8.8157 8.38151 7.94693 7.87942 7.84838 7.53394 9.43503 7.40076 7.45479 6.25047
threshold=0.83547008547008572 1.0000000180025095e-35 0.62500000000000011 1.0000000180025095e-35 0.6535416666666668 0.89972222222222242 0.95352681267494688 0.99944444444444458 0.89759615384615399 0.70275252525252541 0.51690476190476209 0.3050000000000001 0.76693750000000016 0.98193825405398238 0.99709383392077544 0.98856399935250383 0.66414285714285726 0.46500000000000008 0.63500000000000012 0.95500000000000018 1.0000000180025095e-35 0.97550300481453756 0.97360753077559303 0.98966653517118941 0.99000407164183601 0.85500000000000009 0.99189108643926682 0.97433167730358605 1.0000000180025095e-35 0.075000000000000025
decision_type=2 2 2 2 2 2 2 2 2 2 2 2 2 2 2 2 2 2 2 2 2 2 2 2 2 2 2 2 2 2
left_child=1 -1 3 4 10 8 7 -7 18 13 -3 24 21 -4 16 29 -5 -18 -2 -20 -8 -13 -21 -14 -6 -11 -27 -24 -29 -12
right_child=5 2 9 14 11 6 20 -9 -10 25 15 12 23 -15 -16 -17 17 -19 19 22 -22 -23 27 -25 -26 26 -28 28 -30 -31
leaf_value=0.061409093479212098 0.0022268516302378816 -0.045989921106017177 -0.0070338012452081508 -0.050111431848688229 0.0064989140212697531 0.036888291404009059 0.040624992829039426 0.0066109162989300418 -0.075680696840915454 0.0068743885328803253 -0.0027825001673258696 -0.012537669000644481 0.0044373900290262417 -0.031717124095155001 -0.066349283271115597 -0.057589363873126576 -0.018188699701949255 -0.04675472834570997 0.026801030387486609 0.023029295334029941 0.010967555130432738 -0.030709877481397516 -0.053966922554109634 -0.042818177251755032 -0.054855331320597923 -0.0038140197850158211 -0.075365648018544965 0.014773558806180229 -0.055835926144321493 -0.028003209559294796
leaf_weight=219.64551436901093 70.952992588281631 150.2108940333128 186.96632401645184 221.18318694829941 119.26229067146778 104.32958371937275 494.39201447367668 107.64350454509258 4.3933947384357444 316.06392240524292 26.960653528571129 153.4865859746933 103.19656349718571 56.080834537744522 51.354651376605034 24.903017804026604 81.927219197154045 128.10073974728584 230.74064829945564 32.237622976303101 26.394783467054367 108.17054349184036 7.9409500211477271 9.6457207947969419 5.4505292773246756 197.59635823965073 4.7172649502754203 19.97137933969498 4.5988634526729575 276.60820691287518
leaf_count=1452 327 602 813 898 525 568 2813 511 21 1419 112 643 449 237 213 100 333 519 1184 157 123 446 38 40 23 894 20 100 21 1120
internal_value=-2.96469e-05 -0.0128613 -0.0202033 -0.0293463 -0.0213607 0.0283582 0.034028 0.0215129 0.0171551 -0.00266634 -0.0337661 -0.00946546 -0.0138888 -0.0127292 -0.0455287 -0.0281762 -0.0430491 -0.0356118 0.0182681 0.02212 0.0391219 -0.0200502 0.00543836 0.000398 0.00381745 0.00205177 -0.00548236 -0.0120045 0.00155743 -0.0257633
internal_weight=3545.13 2441.53 2221.89 1460.46 977.895 1103.6 732.76 211.973 370.836 761.425 478.683 499.212 374.499 243.047 482.566 328.472 431.211 210.028 366.442 295.489 520.787 261.657 64.7488 112.842 124.713 518.378 202.314 32.5112 24.5702 303.569
internal_count=16721 10858 9406 6023 4060 5863 4015 1079 1848 3383 1934 2126 1578 1050 1963 1332 1750 852 1827 1500 2936 1089 316 489 548 2333 914 159 121 1232
is_linear=0
shrinkage=0.05


Tree=13
num_leaves=31
num_cat=0
split_feature=1 0 2 0 0 1 3 1 6 0 1 1 0 0 1 0 6 6 2 1 6 1 1 1 2 1 1 0 6 2
split_gain=472.34 487.397 137.028 80.3702 78.5604 39.4674 38.6312 42.1493 21.6802 18.001 15.1429 12.4157 12.0743 11.747 9.43026 9.93519 9.40205 8.97864 8.48208 8.72741 9.01557 9.6704 7.9214 7.50397 7.12612 6.60546 6.57085 6.1225 6.06268 5.87882
threshold=0.84267857142857161 1.5000000000000002 0.62500000000000011 6.5000000000000009 10.500000000000002 0.56436507936507951 1.0000000180025095e-35 0.66035714285714298 0.87051359802160888 2.5000000000000004 0.79675438596491255 0.870294117647059 8.5000000000000018 16.500000000000004 0.8725543478260871 1.5000000000000002 0.99251011038185066 0.98709612042634076 0.28500000000000009 0.76894444444444454 0.81548578904939595 0.69630681818181828 0.71763888888888905 0.94964285714285734 0.18500000000000003 0.77408333333333335 0.50683333333333336 2.5000000000000004 0.99212372365001633 0.47500000000000003
decision_type=2 2 2 2 2 2 2 2 2 2 2 2 2 2 2 2 2 2 2 2 2 2 2 2 2 2 2 2 2 2
left_child=1 -1 3 6 8 24 7 -3 9 -2 12 -11 -4 16 27 17 -7 -16 22 20 21 -20 -9 -17 -5 -8 -26 -10 -28 -21
right_child=4 2 10 5 -6 13 25 18 14 11 -12 -13 -14 -15 15 23 -18 -19 19 29 -22 -23 -24 -25 26 -27 28 -29 -30 -31
leaf_value=0.06072954558725157 0.0053459388328310192 -0.042697371543092028 -0.014142359650353495 -0.020055705402107576 -0.0027544377846473681 -0.0090428156966221151 -0.055184989874862533 -0.0040365784143881192 0.00012340828497530015 0.0010257735059869785 0.0086120723409405017 0.050237962391566471 0.00063216986381832516 0.016286112618531353 0.021058688540682241 0.039130323382918872 -0.033560889053086004 0.042938957723700336 0.043518678782922933 0.040941144849504681 -0.029924564731295712 -0.019087397581462343 0.068934713846311238 0.052829751172033146 -0.060899444968357412 -0.033723834194036968 -0.028322523425269724 0.030393312315993078 -0.061690082471486135 -0.0053835067887100024
leaf_weight=211.21169865131378 104.42895421385765 261.02011975646019 265.86250972747803 44.4459388256073 171.48101349174976 455.65788049995899 272.81052285432816 10.040151625871657 21.105860441923141 16.965012162923813 238.44862245023251 52.409808486700058 288.17563305795193 42.337957292795181 102.17355318367481 234.63578441739082 42.771541908383369 86.647908210754395 9.4768445938825625 7.9648653715848914 94.452477782964706 17.666557624936104 5.9072922319173804 174.15319339931011 37.301485881209373 41.279002726078033 63.161748647689819 80.114951759576797 17.353125736117363 48.870132893323898
leaf_count=1452 498 1048 1153 179 785 1915 1117 43 101 86 1110 301 1266 186 569 1361 174 513 39 35 388 74 26 1043 150 168 255 404 71 211
internal_value=-2.04145e-05 -0.0119133 -0.0186872 -0.0277093 0.0281845 -0.0154884 -0.0388746 -0.0295706 0.0342643 0.0184613 -0.00192333 0.0382035 -0.00645758 -0.00899899 0.0381947 0.0405851 -0.0111468 0.0310993 -0.0119435 -0.015066 -0.0226261 0.00277088 0.0229936 0.0449666 -0.0371155 -0.0523645 -0.0435513 0.0240816 -0.0355141 0.00110844
internal_weight=3520.33 2476.22 2265 1472.52 1044.12 703.03 769.488 455.398 872.635 173.804 792.487 69.3748 554.038 540.767 698.831 597.61 498.429 188.821 194.378 178.431 121.596 27.1434 15.9474 408.789 162.262 314.09 117.816 101.221 80.5149 56.835
internal_count=16721 11060 9608 6079 5661 2930 3149 1864 4876 885 3529 387 2419 2275 3991 3486 2089 1082 816 747 501 113 69 2404 655 1285 476 505 326 246
is_linear=0
shrinkage=0.05


Tree=14
num_leaves=31
num_cat=0
split_feature=1 0 2 0 0 1 3 1 0 6 1 1 1 0 2 0 1 6 6 2 6 1 6 2 6 2 6 7 2 1
split_gain=432.157 447.254 131.364 69.9722 67.6654 37.3965 35.2538 42.0754 22.9949 25.227 19.098 14.3207 12.4039 10.0752 9.80774 8.5442 8.38918 8.34491 6.92525 6.83872 6.03146 5.75467 5.75244 5.68725 6.9122 6.4615 5.20508 5.12035 5.04687 6.95585
threshold=0.84925824175824194 1.5000000000000002 0.63500000000000012 10.500000000000002 6.5000000000000009 0.56436507936507951 1.0000000180025095e-35 0.66035714285714298 1.5000000000000002 0.94150048422944932 0.88516666666666677 0.77408333333333335 0.77408333333333335 16.500000000000004 0.085000000000000006 8.5000000000000018 0.76894444444444454 0.99251011038185066 0.98036279004708549 0.18500000000000003 0.99732507987296082 0.50683333333333336 0.98709612042634076 0.47500000000000003 0.89223792373385413 0.58500000000000008 0.99212372365001633 1.0000000180025095e-35 0.88500000000000012 0.61340579710144938
decision_type=2 2 2 2 2 2 2 2 2 2 2 2 2 2 2 2 2 2 2 2 2 2 2 2 2 2 2 2 2 2
left_child=1 -1 4 8 6 19 7 -3 9 -2 -10 15 20 17 -9 28 18 27 -16 -6 -8 -21 -11 -18 25 -25 -23 -7 29 -4
right_child=3 2 11 -5 5 13 12 14 10 22 -12 -13 -14 -15 16 -17 23 -19 -20 21 -22 26 -24 24 -26 -27 -28 -29 -30 -31
leaf_value=0.06009733566145823 -0.00047593745720494074 -0.040403141162638961 -0.031588017328787986 -0.0025538484538856015 -0.01904038683465958 -0.006778156879502323 -0.05026646565544847 0.063424832928663008 0.023816477551953007 0.023640545246691923 0.044782401346956158 0.0072557410140038185 -0.026789945883663197 0.014361858637577546 -0.010658330037440909 0.00018792345763818136 0.03884208008162511 -0.031387289357174178 -0.034350474168274678 -0.058254517231077919 -0.074193396947020471 -0.028180564570767994 0.041841734171995715 -0.0044920116768064544 0.0061772244444375035 -0.071572271695028764 -0.059081696326367589 -0.022769841650672234 -0.026328568639749441 -0.0040509651661722748
leaf_weight=202.97057747840881 87.097636669874191 263.36974115669727 27.961490109562874 157.63882358372211 44.474406123161316 417.99223560094833 243.19074513018131 4.4152330458164206 146.04267665743828 89.240298569202423 423.85023778676987 332.52426899969578 54.803869664669037 43.726783663034439 85.190200790762901 231.46643179655075 9.1805274039506894 44.285304665565491 48.348751217126846 37.438721895217896 29.537335336208344 65.369969442486763 84.528458431363106 8.3642776906490308 45.739361464977264 6.2892264425754538 17.21671199798584 56.865123018622398 57.610407590866089 127.51280835270882
leaf_count=1452 404 1058 119 722 179 1754 999 20 775 512 2549 1545 224 193 353 1016 41 180 197 151 127 264 513 36 198 27 71 240 250 552
internal_value=-1.14873e-05 -0.0110549 -0.0173261 0.0279864 -0.0258484 -0.0148166 -0.0358984 -0.027136 0.0337815 0.0214863 0.0394096 -0.000592465 -0.0484961 -0.00868767 -0.010299 -0.00646292 -0.0119016 -0.0106291 -0.0192362 -0.0357881 -0.0528578 -0.0419939 0.0324944 0.0021765 -0.00339716 -0.0332826 -0.0346225 -0.00869319 -0.0136875 -0.0090034
internal_weight=3494.24 2505.84 2302.87 988.398 1525.8 727.369 798.429 470.897 830.759 260.866 569.893 777.075 327.532 562.869 207.528 444.551 203.112 519.143 133.539 164.5 272.728 120.025 173.769 69.5734 60.3929 14.6535 82.5867 474.857 213.085 155.474
internal_count=16721 11246 9794 5475 6312 3032 3280 1930 4753 1429 3324 3482 1350 2367 872 1937 852 2174 550 665 1126 486 1025 302 261 63 335 1994 921 671
is_linear=0
shrinkage=0.05


Tree=15
num_leaves=31
num_cat=0
split_feature=1 0 2 0 0 1 0 1 6 1 5 2 6 1 5 1 0 5 6 1 1 2 6 0 5 2 6 1 5 0
split_gain=387.003 411.228 108.549 63.792 56.4322 32.4831 22.4724 24.6336 22.7004 21.9348 20.5576 14.5909 15.5497 9.53523 13.3738 9.30284 8.23727 7.87616 7.98541 7.49531 7.09283 9.77653 11.5738 8.36481 6.48805 6.41899 8.84482 7.49086 6.32632 6.24279
threshold=0.84462566844919806 1.5000000000000002 0.63500000000000012 10.500000000000002 7.5000000000000009 0.73757352941176479 1.5000000000000002 0.8725543478260871 0.94150048422944932 0.61340579710144938 0.9854143427605323 0.47500000000000003 0.98685468680947874 0.75763888888888908 0.9893795428636537 0.79968750000000022 3.5000000000000004 0.95693245164400975 0.9907076845275602 0.97683333333333355 0.67207142857142876 0.43500000000000005 0.86317614010222743 6.5000000000000009 0.98707726983173971 0.18500000000000003 0.99181244452191908 0.50683333333333336 0.99240181208390377 5.5000000000000009
decision_type=2 2 2 2 2 2 2 2 2 2 2 2 2 2 2 2 2 2 2 2 2 2 2 2 2 2 2 2 2 2
left_child=1 -1 4 6 5 10 8 16 -2 25 20 12 -7 14 -4 29 -8 -17 -19 -9 -3 22 -22 -23 -10 -6 27 -27 -20 -13
right_child=3 2 13 -5 9 11 7 19 24 -11 -12 15 -14 -15 -16 17 -18 18 28 -21 21 23 -24 -25 -26 26 -28 -29 -30 -31
leaf_value=0.059508389814480193 -0.00066253401871872047 -0.034030208082477073 -0.0039185451036590465 -0.00092146949484372617 -0.010984216062054838 0.037789167627151621 -0.0035007684517810202 0.039335218004301328 0.021209513245094208 -0.0049636447844299686 -0.048661668536494895 -0.034327104677329294 -0.039973197686370622 0.0050316919628392463 -0.043950638616480291 -0.033851153116574856 0.025789306719592731 0.021701439189429728 -0.052531343743468351 0.054172994883137253 0.036740708655056069 -0.038068093606606873 -0.017242041195091585 0.01680830758179061 0.040557287627003627 -0.052409796662158274 -0.066615396764541798 -0.02028242156361983 0.0092584813452081857 -0.0025282114001954612
leaf_weight=194.66533064842224 87.544372394680977 392.18666027486324 366.96078462898731 175.34893761575222 49.145491659641266 24.053754761815071 34.03755122423172 344.72851657867432 89.582720577716827 395.99145895242691 228.01377068459988 85.684735834598541 8.7735578268766385 368.09684559702873 22.120779275894165 16.596102565526962 81.429814770817757 29.90748693048954 8.2668212801218051 113.01530733704567 12.925743371248243 67.071765303611755 42.827376484870911 7.7462445348501197 83.923389971256256 23.069733247160912 16.337975889444351 84.966800183057785 8.3030688017606717 18.825696304440498
leaf_count=1450 406 1591 1599 801 199 106 168 2101 521 1680 946 355 36 1699 90 71 420 129 34 707 54 275 176 32 522 93 66 343 34 78
internal_value=0.000407287 -0.0102442 -0.0162052 0.0264927 -0.023907 -0.0313601 0.0322548 0.0377927 0.0200946 -0.0114592 -0.036134 -0.0134763 0.0170061 -0.000736979 -0.00619452 -0.0194473 0.0171552 -0.00428318 0.00627493 0.0429986 -0.0306697 -0.0205759 -0.00472674 -0.0323865 0.0305679 -0.0262828 -0.032328 -0.0271428 -0.0215688 -0.0285991
internal_weight=3482.15 2472.54 2277.87 1009.61 1520.69 951.183 834.262 573.211 261.05 569.511 750.772 200.411 32.8273 757.178 389.082 167.584 115.467 63.0735 46.4774 457.744 522.758 130.571 55.7531 74.818 173.506 173.52 124.375 108.037 16.5699 104.51
internal_count=16782 11136 9686 5646 6298 3917 4845 3396 1449 2381 3074 843 142 3388 1689 701 588 268 197 2808 2128 537 230 307 1043 701 502 436 68 433
is_linear=0
shrinkage=0.05


Tree=16
num_leaves=31
num_cat=0
split_feature=1 0 1 0 0 0 1 5 0 1 6 3 0 6 1 3 6 1 5 0 1 0 1 6 1 5 6 1 0 1
split_gain=353.904 382.036 89.2501 59.6138 47.5498 30.3681 37.7055 23.232 21.4004 23.706 21.1175 19.272 9.4704 8.30998 9.26628 8.27686 9.02291 8.57428 8.39391 7.57807 7.39013 6.3724 9.40413 7.25635 6.65269 6.21593 6.29035 6.14418 6.20243 6.14269
threshold=0.84462566844919806 1.5000000000000002 0.67207142857142876 10.500000000000002 8.5000000000000018 5.5000000000000009 0.79675438596491255 0.9854143427605323 1.5000000000000002 0.8725543478260871 0.94150048422944932 1.0000000180025095e-35 19.500000000000004 0.99231158178271506 0.47183333333333338 1.0000000180025095e-35 0.95593293243813726 0.61522727272727284 0.95218874522659569 3.5000000000000004 0.97683333333333355 10.500000000000002 0.72677083333333348 0.98794153541469953 0.72236111111111134 0.98707726983173971 0.98518193283633393 0.6994701086956524 7.5000000000000009 0.86720779220779243
decision_type=2 2 2 2 2 2 2 2 2 2 2 2 2 2 2 2 2 2 2 2 2 2 2 2 2 2 2 2 2 2
left_child=1 -1 4 8 7 6 11 15 10 19 -2 -4 21 14 -6 16 17 -3 -19 -10 -11 22 23 -7 27 26 -12 28 -25 -21
right_child=3 2 5 -5 13 12 -8 -9 9 20 25 -13 -14 -15 -16 -17 -18 18 -20 29 -22 -23 -24 24 -26 -27 -28 -29 -30 -31
leaf_value=0.058959064940146855 -0.00062924955063651524 -0.039254317089560904 -0.016369452587066052 -0.00087510599223460041 -0.042604376224581825 -0.0020346031012812376 0.0037304901236989876 -0.048728850475285662 -0.0033205936847990427 0.038270572917820302 0.025129340080983099 -0.041508581387362187 0.023514477346916762 -0.036442718729429405 -0.0036865636154302462 -0.040275232394237657 -0.017564319006521757 -0.0094945488120780006 -0.059962411478185373 0.030571581197077237 0.05323041017201055 -0.0072822242702412863 0.007367200828934709 -0.048543466170198515 0.020743061537891634 0.039509884699493375 -0.017141900298204914 -0.057762988943440688 0.015776420206127205 -0.0083199749555397298
leaf_weight=186.85280755162239 87.565819248557091 140.81627495586872 182.21878670156002 175.40557958185673 16.376614451408386 128.87623864412308 148.08143255114555 186.65056130290031 34.088855490088463 336.80618359148502 78.611321017146111 131.07777370512486 37.431841507554054 25.10900904238224 231.57323656976223 111.40576533973217 207.39631561934948 54.174750998616219 9.7167399525642377 68.521771892905235 109.35882075130939 348.6731903553009 278.33294738829136 6.8668158203363445 6.0945980101823798 81.892914563417435 9.9103581905364972 16.186706349253654 8.252611115574835 11.918853506445883
leaf_count=1450 406 571 770 801 66 546 683 780 168 2101 462 544 171 102 965 465 844 222 40 357 707 1530 1233 28 25 522 59 67 34 63
internal_value=0.00039726 -0.00976903 -0.0154131 0.0255774 -0.0267652 -0.00677473 -0.0170603 -0.0335834 0.031245 0.0367285 0.0193272 -0.0268872 -0.00106212 -0.00903272 -0.00625701 -0.0281835 -0.0249146 -0.0323615 -0.0171698 0.0164365 0.0419374 -0.00222179 0.00174672 -0.00766147 -0.0270507 0.0295817 0.0203969 -0.036355 -0.0134359 0.024809
internal_weight=3456.25 2462.17 2275.31 994.08 983.219 1292.09 461.378 710.16 818.675 560.694 257.98 313.297 830.715 273.059 247.95 523.51 412.104 204.708 63.8915 114.529 446.165 793.283 444.61 166.277 37.4007 170.415 88.5217 31.3061 15.1194 80.4406
internal_count=16782 11136 9686 5646 4055 5631 1997 2922 4845 3396 1449 1314 3634 1133 1031 2142 1677 833 262 588 2808 3463 1933 700 154 1043 521 129 62 420
is_linear=0
shrinkage=0.05


Tree=17
num_leaves=31
num_cat=0
split_feature=1 0 2 0 0 1 1 0 1 6 5 2 6 1 5 1 0 1 2 2 5 0 5 5 6 5 5 6 2 5
split_gain=323.603 355.211 92.0613 55.6889 48.2417 27.5078 20.5913 20.3718 22.7996 19.6362 15.4121 11.3496 8.62685 7.69514 11.6605 7.29373 7.05551 6.27773 14.0303 7.70702 9.38792 6.12971 8.13233 5.95141 5.84509 9.56887 6.04661 5.77147 5.67697 5.37702
threshold=0.84462566844919806 1.5000000000000002 0.63500000000000012 10.500000000000002 6.5000000000000009 0.56436507936507951 0.76244047619047639 1.5000000000000002 0.8725543478260871 0.94150048422944932 0.9868403237324529 0.47500000000000003 0.99251011038185066 0.75763888888888908 0.9893795428636537 0.97683333333333355 2.5000000000000004 0.66261363636363646 0.3050000000000001 0.47500000000000003 0.9502634629715615 8.5000000000000018 0.9815051665342106 0.98707726983173971 0.99354783310754935 0.9935392128874746 0.96581196240567457 0.98518193283633393 0.51500000000000012 0.91415283467773401
decision_type=2 2 2 2 2 2 2 2 2 2 2 2 2 2 2 2 2 2 2 2 2 2 2 2 2 2 2 2 2 2
left_child=1 -1 4 7 6 21 10 9 16 -2 17 -8 -7 14 -4 -10 -9 -3 -19 20 -20 -6 29 27 26 -26 -13 -11 -21 -23
right_child=3 2 13 -5 5 12 11 8 15 23 -12 24 -14 -15 -16 -17 -18 18 19 28 -22 22 -24 -25 25 -27 -28 -29 -30 -31
leaf_value=0.058446117623349371 -0.00059764302636690976 -0.033660090429983851 -0.0031941007958717267 -0.00083108962290212801 -0.038181232528917156 -0.0052199920747647227 0.028838879012723813 -0.0079274728229905833 0.037228902925549402 0.024225537593217741 -0.046824813874991079 -0.028832341876839359 -0.027646053944238715 0.004763638066049871 -0.040458830173782712 0.052320988320212994 0.022303656237084288 0.024169861034480759 0.0098949028991907259 -0.047301674680611971 -0.02718857849682656 -0.0037987082530044989 0.0074785511319118182 0.038484159847665816 -0.080505371738325338 -0.015625181560060108 -0.0036493527260399884 -0.016122324458547176 -0.019050896082946946 -0.042420120566483512
leaf_weight=179.26019728183746 87.58617790043354 309.25261820852757 368.30170430243015 175.45932792127132 99.74535283446312 509.7275498509407 14.520208269357679 24.64618556201458 329.11628943681717 77.495853051543236 172.92798137664795 37.072532132267952 46.822263821959496 367.24214957654476 22.261129960417747 105.7876109033823 88.976373106241226 15.180108383297918 25.393599137663841 50.280361011624336 52.045977517962456 12.917363628745077 20.638101443648338 79.922448575496674 9.0792091041803378 15.192463770508764 66.760952547192574 10.007648319005964 27.513183861970901 29.809047445654869
leaf_count=1450 406 1262 1599 801 410 2143 65 118 2101 462 732 156 191 1699 90 707 470 65 105 207 213 52 83 522 37 63 281 59 113 120
internal_value=0.000387236 -0.00931575 -0.0146605 0.0246888 -0.0217781 -0.0123987 -0.0302662 0.0302613 0.0356896 0.0185851 -0.0340276 -0.0130558 -0.00710669 -0.000432358 -0.0053181 0.0409 0.0157461 -0.0294139 -0.0217083 -0.0261947 -0.0150283 -0.0304557 -0.0182946 0.0286203 -0.0178044 -0.0398947 -0.0126406 0.019611 -0.0373102 -0.0307438
internal_weight=3430.94 2451.94 2272.68 978.998 1514.88 719.66 795.219 803.539 548.526 255.012 652.594 142.625 556.55 757.805 390.563 434.904 113.623 479.666 170.413 155.233 77.4396 163.11 63.3645 167.426 128.105 24.2717 103.833 87.5035 77.7935 42.7264
internal_count=16782 11136 9686 5646 6298 2999 3299 4845 3396 1449 2697 602 2334 3388 1689 2808 588 1965 703 638 318 665 255 1043 537 100 437 521 320 172
is_linear=0
shrinkage=0.05


Tree=18
num_leaves=31
num_cat=0
split_feature=0 2 3 0 6 0 0 2 2 0 2 2 6 6 0 6 5 6 6 0 0 2 6 5 5 6 2 2 5 0
split_gain=240.157 362.46 54.6429 43.3449 19.7216 19.0216 14.7881 12.0355 10.2328 11.1654 10.159 9.79396 10.9509 10.6836 9.02261 8.61259 7.82922 7.2283 6.87264 6.00151 14.8821 8.58346 7.32072 9.21175 6.60116 5.76592 5.5342 5.33389 5.18325 5.12875
threshold=1.0000000180025095e-35 0.63500000000000012 1.0000000180025095e-35 10.500000000000002 0.98588520439326155 6.5000000000000009 7.5000000000000009 0.76500000000000012 0.77500000000000013 4.5000000000000009 0.6150000000000001 0.52500000000000013 0.99160629428250624 0.97464118617385431 23.500000000000004 0.98920608222481243 0.9893795428636537 0.98986061721676866 0.99732507987296082 1.5000000000000002 3.5000000000000004 0.9850000000000001 0.98504661391183734 0.93001872037889599 0.96639687148574693 0.9980758376743889 0.87500000000000011 0.055000000000000007 0.98764910153942143 10.500000000000002
decision_type=2 2 2 2 2 2 2 2 2 2 2 2 2 2 2 2 2 2 2 2 2 2 2 2 2 2 2 2 2 2
left_child=-1 2 6 4 7 10 11 -3 -6 -10 18 12 -2 -13 16 -11 -5 -8 -4 22 24 -22 23 -9 -21 -7 -18 -19 -14 -29
right_child=1 3 5 14 8 25 17 19 9 15 -12 13 28 -15 -16 -17 26 27 -20 20 21 -23 -24 -25 -26 -27 -28 29 -30 -31
leaf_value=0.057966621769088601 -0.020161358200863913 0.0028882404511989196 -0.040825299045754222 -0.00095815454918105395 0.013664561206845484 -0.017754297077504391 -0.0052209641284901923 -0.0014140655283120401 0.039029558534316153 0.037926939713407368 -0.010666443742510766 -0.018423498225534587 -0.079449202292834906 0.011786470901551698 0.038781019864754657 0.0093761606498636834 -0.077812323035444469 -0.0044038590190664546 -0.06613157795541505 0.024389045218184122 0.010822315429027281 0.029429156813522719 -0.061967702071376196 0.022332356157502543 0.04766247644668372 -0.055452846309319404 -0.016370500068334924 -0.02273192740391311 -0.036749089067513528 -0.064060469859095678
leaf_weight=171.89228571951389 426.17649638652802 195.54516477882862 266.80471169948578 351.65239872038364 106.05821073055267 160.52232578396797 451.51422826945782 82.340476170182228 193.06864640116692 40.704779028892517 25.812957435846329 73.454856351017952 10.281972259283064 48.647599890828133 13.688132688403128 75.237416371703148 5.3479674756526974 20.187678351998329 29.828627929091454 67.851828381419182 291.71060372889042 78.703172594308853 3.574687495827674 81.030026391148567 55.298529163002968 10.826946035027502 11.645640864968298 21.756391823291779 23.015285536646843 11.461307942867277
leaf_count=1450 1745 927 1130 1583 523 660 1923 380 1276 222 108 311 42 209 65 407 23 87 136 413 1506 459 21 484 365 47 50 89 94 47
internal_value=0.000377166 -0.00268404 -0.0198068 0.0136811 0.0181209 -0.0335983 -0.0135389 0.0137843 0.0270651 0.0316644 -0.040752 -0.0189741 -0.022319 -0.00638736 -0.00107989 0.0193997 -0.00255996 -0.00727844 -0.04337 0.0170101 0.0197819 0.0147758 0.00881512 0.0103639 0.0348396 -0.0201363 -0.0357065 -0.0246733 -0.0499346 -0.0369918
internal_weight=3405.64 3233.75 1580.29 1653.46 1271.12 493.796 1086.5 856.054 415.069 309.011 322.446 581.576 459.474 122.102 382.334 115.942 368.646 504.92 296.633 660.509 493.564 370.414 166.945 163.371 123.15 171.349 16.9936 53.4054 33.2973 33.2177
internal_count=16782 15332 6628 8704 6983 2081 4547 4555 2428 1905 1374 2401 1881 520 1721 629 1656 2146 1266 3628 2743 1965 885 864 778 707 73 223 136 136
is_linear=0
shrinkage=0.05


Tree=19
num_leaves=31
num_cat=0
split_feature=0 2 3 0 6 0 0 2 2 0 2 2 6 6 0 6 5 6 6 0 0 2 5 3 5 5 6 2 0 5
split_gain=226.275 328.474 50.2412 39.7899 18.4374 17.7177 13.3763 11.0759 9.71032 10.771 9.43637 8.85858 10.0329 9.6235 8.3513 8.02534 6.79325 6.65672 6.51165 5.54226 14.0734 7.98894 7.28351 8.95452 6.39946 6.08714 5.34839 5.44659 5.9509 5.2212
threshold=1.0000000180025095e-35 0.63500000000000012 1.0000000180025095e-35 10.500000000000002 0.98588520439326155 6.5000000000000009 7.5000000000000009 0.76500000000000012 0.77500000000000013 4.5000000000000009 0.6150000000000001 0.52500000000000013 0.99160629428250624 0.97464118617385431 18.500000000000004 0.98920608222481243 0.9893795428636537 0.99732507987296082 0.98986061721676866 1.5000000000000002 3.5000000000000004 0.9850000000000001 0.98510627497087833 1.0000000180025095e-35 0.96639687148574693 0.92018260045691902 0.99749994675727227 0.34500000000000008 8.5000000000000018 0.98298876873296537
decision_type=2 2 2 2 2 2 2 2 2 2 2 2 2 2 2 2 2 2 2 2 2 2 2 2 2 2 2 2 2 2
left_child=-1 2 6 4 7 10 11 -3 -6 -10 17 12 -2 -13 16 -11 -5 -4 -8 22 24 -22 23 25 -21 -9 27 28 -7 -16
right_child=1 3 5 14 8 26 18 19 9 15 -12 13 -14 -15 29 -17 -18 -19 -20 20 21 -23 -24 -25 -26 -27 -28 -29 -30 -31
leaf_value=0.057517955287386895 -0.019150602767282646 0.0027467203745121377 -0.039136116341990122 -0.0023202428532306933 0.013051224066761364 -0.034709098832848777 -0.0049545182187233569 -0.0068769437139025993 0.038020352971244023 0.036681728056983186 -0.010120926991778885 -0.01745251092984498 -0.047726652705443955 0.011223179237972732 0.024322147216610988 0.0089447888155246083 -0.035293102817083699 -0.064309238791372222 -0.023404616909532425 0.023502431692676636 0.010329891828821408 0.028397556841031298 -0.062633529043760544 0.03037785945431485 0.046678067756300297 0.015557250975821528 -0.050848853609168493 -0.0048713382805495595 -0.0098986409058590876 -0.019468350837312489
leaf_weight=164.75208699703217 426.23443149030209 195.34456412494183 264.46467246115208 313.76187229156494 105.50472275912762 55.695809081196785 451.99348518252373 67.190511748194695 188.40359888970852 40.000403881072998 25.843256145715714 73.659072786569595 33.101097777485847 48.537636026740074 44.118973448872566 74.930564597249031 16.439282953739166 29.157282948493958 53.48114375770092 66.915217980742455 290.37062604725361 77.514885678887367 3.5297678261995307 40.38108991086483 53.682794123888016 54.976791605353355 12.347620889544485 60.428424090147018 42.69634385406971 8.048713803291319
leaf_count=1450 1745 927 1130 1409 523 232 1923 309 1276 222 108 311 136 209 205 407 70 136 223 413 1506 459 20 227 365 329 54 248 173 37
internal_value=0.000365746 -0.00255959 -0.0188504 0.0131011 0.0173921 -0.0321315 -0.0128558 0.0131951 0.026117 0.0306615 -0.0390864 -0.0180269 -0.0212099 -0.00606227 -0.00102473 0.0185983 -0.00396182 -0.0416359 -0.00690661 0.0163133 0.018996 0.0141368 0.00842273 0.00996573 0.0338188 0.00321872 -0.0191509 -0.0166865 -0.0239428 0.0175659
internal_weight=3383.51 3218.75 1577.64 1641.11 1258.75 490.633 1087.01 849.906 408.839 303.335 319.465 581.532 459.336 122.197 382.369 114.931 330.201 293.622 505.475 654.562 488.484 367.886 166.078 162.548 120.598 122.167 171.168 158.821 98.3922 52.1677
internal_count=16782 15332 6628 8704 6983 2081 4547 4555 2428 1905 1374 2401 1881 520 1721 629 1479 1266 2146 3628 2743 1965 885 865 778 638 707 653 405 242
is_linear=0
shrinkage=0.05


Tree=20
num_leaves=31
num_cat=0
split_feature=0 2 3 0 2 0 0 5 0 0 3 2 6 5 0 2 6 6 2 2 6 6 2 5 6 6 5 2 0 6
split_gain=213.576 292.672 46.6439 40.6993 18.2526 16.4213 15.0182 18.7715 12.6225 8.57488 9.7046 9.08782 13.0268 8.13004 7.75861 7.71579 10.4847 7.09022 6.95081 6.95075 6.62155 6.1186 5.93989 6.52263 7.74797 8.58071 7.07244 6.35016 5.47876 5.44534
threshold=1.0000000180025095e-35 0.63500000000000012 1.0000000180025095e-35 10.500000000000002 0.76500000000000012 6.5000000000000009 4.5000000000000009 0.97124844617295591 6.5000000000000009 1.5000000000000002 1.0000000180025095e-35 0.79500000000000015 0.94395772937152078 0.9893795428636537 14.500000000000002 0.58500000000000008 0.97464118617385431 0.99315463182278607 0.58500000000000008 0.96500000000000008 0.9911257006524099 0.99150634341665256 0.14500000000000005 0.97703748497491472 0.9511149812930767 0.98877736859364262 0.9425775648105611 0.23500000000000001 13.500000000000002 0.9687449255611339
decision_type=2 2 2 2 2 2 2 2 2 2 2 2 2 2 2 2 2 2 2 2 2 2 2 2 2 2 2 2 2 2
left_child=-1 2 8 4 21 18 7 9 15 10 -6 12 -11 -5 -7 20 -17 22 -4 -8 -2 -3 -10 24 26 27 28 29 -24 -26
right_child=1 3 5 13 6 14 19 -9 17 11 -12 -13 -14 -15 -16 16 -18 -19 -20 -21 -22 -23 23 -25 25 -27 -28 -29 -30 -31
leaf_value=0.057097741533582824 -0.019136167823114072 0.0023734186425157359 -0.041069374549088315 -0.00034908106976818884 -0.0015571567745466764 -0.021269761969405422 0.0085547710359633929 0.034117894004794598 0.0035576711474560249 0.034970476236400087 0.034393472677509022 0.031485726060408351 -0.04924456046421169 -0.033416161436039066 0.024919516904491821 -0.019895525768295178 0.021756316458714536 -0.030753300655689587 -0.019923436146131956 0.022057971746993772 -0.043629375052643464 0.021636816871709211 -0.010647221408960864 -0.017854243360416213 0.014820768432090702 -0.061915664845894995 -0.031530819318999301 0.0096482770207435165 0.019618778197228112 -0.047095302746051899
leaf_weight=156.64374112337828 387.15900330245495 241.89460940659046 263.57282212376595 364.42552404105663 94.519648998975754 162.64597098529339 286.4522982686758 290.4595932662487 120.23169760406017 9.1990221738815325 23.423733800649643 91.077178880572319 9.1688176989555341 19.587461069226265 9.6299262493848783 35.013710275292397 26.576877132058144 31.331999108195305 45.582399278879166 142.81508976221085 29.711198925971985 49.68943478167057 117.84120739996433 141.45969149470329 5.5946121066808692 4.827337682247161 36.814960896968842 123.85695150494576 17.125429332256317 9.7216930687427503
leaf_count=1439 1588 1157 1152 1645 469 675 1457 1969 524 51 123 580 56 83 40 148 117 129 190 837 123 243 492 591 23 20 156 521 73 40
internal_value=9.63983e-05 -0.00270139 -0.0181014 0.012186 0.0165949 -0.0310582 0.0199626 0.025695 -0.0123642 0.0149359 0.00558269 0.0250154 -0.0070678 -0.00203574 -0.0186879 -0.0184413 -0.00192239 -0.00758829 -0.0379516 0.0130472 -0.0208818 0.00565613 -0.00633142 -0.00893176 -0.00493479 0.00361935 -0.0121055 0.00589249 -0.00680688 -0.0244791
internal_weight=3348.05 3191.41 1568.7 1622.71 1238.7 481.431 947.115 517.848 1087.27 227.388 117.943 109.445 18.3678 384.013 172.276 478.461 61.5906 608.806 309.155 429.267 416.87 291.584 577.474 457.242 315.782 144.001 171.782 139.173 134.967 15.3163
internal_count=16711 15272 6602 8670 6942 2057 5542 3248 4545 1279 592 687 107 1728 715 1976 265 2569 1342 2294 1711 1400 2440 1916 1325 604 721 584 565 63
is_linear=0
shrinkage=0.05


Tree=21
num_leaves=31
num_cat=0
split_feature=1 1 1 3 1 5 3 2 1 2 1 6 6 2 2 2 5 1 7 5 2 5 2 6 7 6 5 6 6 2
split_gain=251.588 268.473 71.0334 25.7404 26.3039 16.2205 15.9329 12.2105 11.4732 11.085 10.0038 10.7544 9.40869 8.95155 8.53175 9.24005 8.44942 8.0129 7.95018 7.9096 7.39698 7.10885 7.05758 6.56038 6.41113 6.31452 8.20872 6.25021 6.13428 6.00363
threshold=0.85408333333333342 1.0000000180025095e-35 0.65707142857142875 1.0000000180025095e-35 0.80019230769230787 0.98662381516047726 1.0000000180025095e-35 0.28500000000000009 0.51690476190476209 0.43500000000000005 0.7602941176470589 0.99221508106265011 0.94506363963383233 0.74500000000000011 0.56500000000000017 0.23500000000000001 0.97935774323965374 0.67207142857142876 1.0000000180025095e-35 0.98193825405398238 0.40500000000000008 0.97519492583929945 0.62500000000000011 0.98151151252911284 1.0000000180025095e-35 0.93995126399464535 0.9748807582720268 0.91837526834772465 0.96272054321259171 0.99500000000000011
decision_type=2 2 2 2 2 2 2 2 2 2 2 2 2 2 2 2 2 2 2 2 2 2 2 2 2 2 2 2 2 2
left_child=1 -1 6 10 9 7 8 21 12 17 11 -4 -3 -11 15 18 -13 -5 -8 -10 -18 -2 -6 -7 29 -12 -27 -17 -14 -9
right_child=5 2 3 4 22 23 14 24 19 13 25 16 28 -15 -16 27 20 -19 -20 -21 -22 -23 -24 -25 -26 26 -28 -29 -30 -31
leaf_value=0.056703826388073933 0.0071380146018624442 -0.04555346722300832 -0.004865265978983669 -0.029773635560785067 -0.01593728291064828 -0.0024821486959917989 -0.030907146991014919 0.0252064770463683 -0.012041319410971555 -0.037127622191963278 -0.0055786240750167601 0.0092641395731359252 0.0068946416174223901 -0.0014209400486575939 -0.0031122501681678121 -0.010496146867150089 -0.0019947260785885003 0.0017983584361495764 0.013554409036100005 -0.027888893607711664 -0.063183811734615444 -0.063875761612802437 0.01628743000439508 0.036436351897696499 -0.0029994455940988234 0.015044271382066952 0.00020896691403846784 -0.047814940841748449 -0.026808935268092523 0.01496233282930695
leaf_weight=150.01300378143787 7.3469498902559263 66.481498211622238 546.02072723209858 33.435301274061203 24.027692243456841 11.39085306227207 48.316417276859283 365.11621969938278 350.58858117461205 151.41395841538906 157.407325476408 8.6634739190340024 16.291474372148514 19.854068905115128 19.064687520265579 12.221829682588575 6.6106706410646465 50.375799119472504 12.696165978908537 101.53878416121006 19.532765492796898 6.7729784846305847 58.017436876893044 219.22302371263504 28.692573919892311 158.32850329577923 226.83312244713306 136.8259731978178 78.806964114308357 235.12342217564583
leaf_count=1439 33 274 2323 146 99 65 208 2241 1441 647 714 37 67 88 81 53 27 208 51 417 80 30 279 1485 134 726 1041 604 324 1349
internal_value=9.68552e-05 -0.00810813 -0.0123292 -0.00565903 -0.017776 0.0231375 -0.0238878 0.0190576 -0.0196873 -0.0256969 -0.00202279 -0.00658305 -0.0311231 -0.0329884 -0.0351388 -0.0380454 -0.0335302 -0.0107969 -0.0216551 -0.0156004 -0.0477114 -0.0269255 0.00685012 0.034514 0.02009 0.00285903 0.00630732 -0.0447548 -0.0210351 0.0211937
internal_weight=3327.03 2453.37 2303.35 1460.52 337.124 873.666 842.832 643.052 613.707 255.079 1123.4 580.828 161.58 171.268 229.125 210.06 34.8069 83.8111 61.0126 452.127 26.1434 14.1199 82.0451 230.614 628.932 542.569 385.162 149.048 95.0984 600.24
internal_count=16711 11374 9935 6415 1467 5337 3520 3787 2523 1089 4948 2467 665 735 997 916 144 354 259 1858 107 63 378 1550 3724 2481 1767 657 391 3590
is_linear=0
shrinkage=0.05


Tree=22
num_leaves=31
num_cat=0
split_feature=1 1 1 3 1 5 5 2 1 2 2 1 5 3 1 6 6 6 2 2 5 6 2 6 7 1 6 6 5 2
split_gain=229.725 250.52 64.5152 23.8375 24.1047 15.4273 14.8574 11.1041 10.5304 9.22732 9.27343 9.16053 10.133 9.0525 8.22717 7.24152 8.21386 7.09853 7.56825 6.3948 6.25306 6.18374 6.17838 6.83067 5.91022 5.80925 5.70664 7.53199 5.63022 11.3937
threshold=0.85408333333333342 1.0000000180025095e-35 0.65519230769230796 1.0000000180025095e-35 0.80019230769230787 0.98662381516047726 0.98868450191024604 0.28500000000000009 0.51690476190476209 0.43500000000000005 0.74500000000000011 0.7602941176470589 0.98193825405398238 1.0000000180025095e-35 0.67207142857142876 0.99221508106265011 0.99674973471665951 0.94506363963383233 0.77500000000000013 0.62500000000000011 0.97519492583929945 0.98151151252911284 0.14500000000000005 0.99339949504622005 1.0000000180025095e-35 0.74449494949494965 0.93995126399464535 0.97683734238552 0.93001872037889599 0.99500000000000011
decision_type=2 2 2 2 2 2 2 2 2 2 2 2 2 2 2 2 2 2 2 2 2 2 2 2 2 2 2 2 2 2
left_child=1 -1 6 11 9 7 8 20 17 14 -11 12 -4 22 -5 25 -17 -3 -19 -6 -2 -7 -10 -24 28 -14 -13 -28 29 -9
right_child=5 2 3 4 19 21 -8 24 13 10 -12 26 15 -15 -16 16 -18 18 -20 -21 -22 -23 23 -25 -26 -27 27 -29 -30 -31
leaf_value=0.056334273883331731 0.0067976121494409212 -0.04253563432037849 -0.002602411036996015 -0.029901996763521677 -0.015106346878335886 -0.0023550883488040403 -0.039365586699676616 0.025264217770567789 0.0047100944259373433 -0.035626243896135966 0.00036312288307164284 -0.0052898387830202526 -0.017116268674864273 -0.028976946458862188 0.0017083098045386344 -0.057708543867620934 0.0066250019270283639 -0.025292491101183163 0.03829860674727565 0.015572235170221549 -0.059518247463124369 0.035429185741112007 -0.01436117110212363 -0.072903723292038133 -0.0028463141889980108 0.014911039852144268 0.014342109719121905 0.00012848453074828969 0.023914753682571566 0.0016805105841363713
leaf_weight=143.60915239900351 7.3295736014842969 72.825277790427208 449.23012524843216 34.804695501923561 24.080481708049774 11.40477032959461 117.53144358098507 104.18164935708046 43.762356251478195 150.64422664046288 20.312630400061607 157.69300350546837 98.874743565917015 114.00564147531986 50.379572108387947 19.767984062433246 6.6240370124578467 110.63518153131008 4.8855017870664588 57.65733228623867 6.90190190076828 214.3087265342474 359.50294452905655 5.0526762753725043 28.723605111241341 16.524887099862099 158.91793306171894 225.40504695475101 388.37121298909187 100.72917981445789
leaf_count=1439 33 303 1917 153 99 65 517 621 179 648 90 714 411 492 208 81 27 461 21 279 30 1485 1476 21 134 71 731 1036 2470 499
internal_value=9.6921e-05 -0.007734 -0.0117359 -0.00545104 -0.017107 0.0222894 -0.022898 0.0183052 -0.0201746 -0.0246512 -0.0313501 -0.00197516 -0.00628055 -0.0165197 -0.0112071 -0.0179338 -0.0415617 -0.0303102 -0.0226032 0.00653413 -0.0253639 0.03352 -0.0130416 -0.0151726 0.0193043 -0.0125301 0.00271949 0.00600583 0.0203767 0.013671
internal_weight=3304.68 2442.73 2299.12 1470.92 337.879 861.951 828.201 636.237 710.67 256.141 170.957 1133.04 591.022 522.324 85.1843 141.792 26.392 188.346 115.521 81.7378 14.2315 225.713 408.318 364.556 622.006 115.4 542.016 384.323 593.282 204.911
internal_count=16711 11374 9935 6465 1477 5337 3470 3787 2953 1099 738 4988 2507 2168 361 590 108 785 482 378 63 1550 1676 1497 3724 482 2481 1767 3590 1120
is_linear=0
shrinkage=0.05


Tree=23
num_leaves=31
num_cat=0
split_feature=1 0 0 1 0 0 1 0 2 5 5 5 1 3 6 0 0 2 1 2 0 5 2 1 1 2 2 5 2 6
split_gain=209.763 233.93 58.6165 58.5352 23.945 22.16 29.809 19.726 15.3946 12.4863 11.521 10.9815 10.8586 7.0971 6.85791 6.54527 8.99044 6.37273 6.36206 6.6422 5.98003 8.41902 7.11563 5.64412 5.4285 5.41613 5.34452 5.31343 5.27938 5.2294
threshold=0.85408333333333342 1.5000000000000002 10.500000000000002 0.65519230769230796 1.5000000000000002 5.5000000000000009 0.79968750000000022 8.5000000000000018 0.36500000000000005 0.93001872037889599 0.98527335532596172 0.98674177165239707 0.94763888888888903 1.0000000180025095e-35 0.99791737645096112 15.500000000000002 10.500000000000002 0.94500000000000017 0.72677083333333348 0.93500000000000016 7.5000000000000009 0.95352681267494688 0.82500000000000018 0.67207142857142876 0.6848913043478263 0.2950000000000001 0.74500000000000011 0.96465181905989306 0.88500000000000012 0.98639741838454931
decision_type=2 2 2 2 2 2 2 2 2 2 2 2 2 2 2 2 2 2 2 2 2 2 2 2 2 2 2 2 2 2
left_child=1 -1 4 7 9 6 8 10 23 13 17 -10 -6 -2 26 16 18 28 20 -20 21 22 -7 -5 27 -18 -9 -22 -3 -21
right_child=2 3 -4 5 12 15 -8 14 11 -11 -12 -13 -14 -15 -16 -17 25 -19 19 29 24 -23 -24 -25 -26 -27 -28 -29 -30 -31
leaf_value=0.055987303194126037 -0.0079409227839103581 -0.022806601322463455 -0.0062306884668650231 -0.025272993768442276 0.028530214286514772 -0.0014629506801187271 0.0041961571284941336 -0.011529476414503581 -0.018337514063984758 0.023076931593124777 -0.038667759273711827 -0.037829371596915719 0.044507332082879762 0.031299894877925005 -0.06492881122467993 0.0095584683976068299 0.0034461193077435625 0.020145349659110443 0.0094475718447984032 -0.023291860889122103 -0.0019360392781841284 -0.02254418310543771 0.066749331956444224 0.023117821954102794 -0.006025471920497372 -0.012713565143910824 0.0087113968624424522 0.031833944359164791 -0.071609118771257738 0.020957757712368501
leaf_weight=137.4303857833147 67.134605690836906 437.0014436095953 155.93196113407612 7.9777875691652289 294.25135831534863 23.0295574516058 164.6688027381897 181.07877784967422 219.63554267585278 152.65158531069756 148.19630685448647 107.68843923509121 166.52944918721914 13.909828990697859 5.3974131643772116 135.5742120295763 66.525360479950905 8.5543568879365903 254.77304929494858 28.90117022395134 21.77152407169342 73.107892602682114 4.5842563658952704 24.626536279916763 67.493582352995872 235.07841575145721 39.776952058076859 25.050231724977493 5.6128171682357779 8.6828170269727689
leaf_count=1439 310 1818 719 33 1946 96 782 739 933 1048 659 473 1247 67 22 611 288 37 1140 138 92 306 20 104 286 1017 171 105 24 41
internal_value=9.70969e-05 -0.00737662 0.0214723 -0.0111714 0.0276925 -0.00518502 -0.013425 -0.0218239 -0.0214867 0.0146558 -0.0265724 -0.0247503 0.0343045 -0.00120594 -0.00924486 -0.000608728 -0.00231258 -0.0225993 0.00175122 0.00655294 -0.00477702 -0.0136599 0.00986119 0.0112773 0.0030496 -0.00914919 -0.00788402 0.0161313 -0.0234255 -0.0130691
internal_weight=3282.63 2432.22 850.409 2294.79 694.477 1469.17 524.597 825.618 359.928 233.696 599.365 327.324 460.781 81.0444 226.253 944.572 808.998 451.169 507.394 292.357 215.037 100.722 27.6138 32.6043 114.315 301.604 220.856 46.8218 442.614 37.584
internal_count=16711 11374 5337 9935 4618 6465 2325 3470 1543 1425 2538 1406 3193 377 932 4140 3529 1879 2224 1319 905 422 116 137 483 1305 910 197 1842 179
is_linear=0
shrinkage=0.05


Tree=24
num_leaves=31
num_cat=0
split_feature=1 1 1 3 1 5 5 2 5 2 2 6 6 1 5 6 5 6 6 1 5 1 6 6 3 1 7 2 2 5
split_gain=192.34 214.031 63.8996 31.1762 17.6921 16.3122 11.1592 7.64676 6.97923 6.00849 9.06141 9.32446 5.67037 6.08505 7.26891 6.47453 5.36038 5.13831 5.12911 5.08232 7.698 6.67081 5.06944 5.00965 4.84156 4.72219 4.68481 4.84291 4.40407 5.46957
threshold=0.8725543478260871 1.0000000180025095e-35 0.74449494949494965 1.0000000180025095e-35 0.55045454545454564 0.98193825405398238 0.98662381516047726 0.59500000000000008 0.99796205611897959 0.63500000000000012 0.47500000000000003 0.9895555404171823 0.97824916113776428 0.64894444444444466 0.93577739975932683 0.93237270654525561 0.96465181905989306 0.95906141290926061 0.92457536154879028 0.99944444444444458 0.93001872037889599 0.97683333333333355 0.98151151252911284 0.97879748540773071 1.0000000180025095e-35 0.76693750000000016 1.0000000180025095e-35 0.28500000000000009 0.25500000000000006 0.93419598549156968
decision_type=2 2 2 2 2 2 2 2 2 2 2 2 2 2 2 2 2 2 2 2 2 2 2 2 2 2 2 2 2 2
left_child=1 -1 3 4 -3 12 19 8 -5 10 11 16 13 -6 17 18 28 -15 -16 21 24 26 -8 -14 -21 -12 27 -2 29 -4
right_child=6 2 9 7 5 -7 22 -9 -10 -11 25 -13 23 14 15 -17 -18 -19 -20 20 -22 -23 -24 -25 -26 -27 -28 -29 -30 -31
leaf_value=0.055661297306730362 -0.020570363244720082 -0.024305435356548152 0.0024993547623959711 -0.028848820790928476 -0.013629925911589517 -0.02106040176437133 -0.0014814011195160687 -0.0062100405526007985 -0.057923986337710592 0.004092694231819966 -0.024560367080145099 -0.019563620580581198 0.04162821795834179 0.0076963155463672982 -0.020907049426529573 -0.0062247571346078249 0.022918714175730326 -0.045427069726989636 -0.079527703966438129 -0.0038952242403565785 0.021737296685106499 0.038995969358796519 0.034697008192818374 0.0017279942037546814 0.027917714127635104 -0.0066574092373375667 -0.0025782215733458624 0.022361926850284448 0.014352372016667187 -0.048695987125110245
leaf_weight=131.47409863770008 6.7313410341739646 229.42578125 14.850236371159555 328.77809081971645 220.46707385778427 204.93810819089413 10.213994428515432 35.141787484288216 22.022167071700096 526.62083420157433 45.545042634010315 28.186255574226379 8.3866643011569959 132.22482208907604 13.121308952569963 161.48903742432594 58.894668504595757 4.7141395956277838 5.2143472135066977 72.603269621729851 98.980789706110954 51.779534414410591 186.18530820310116 126.90554583072662 14.318202227354048 192.54853650927544 22.127426862716675 271.84533633291721 26.892781898379326 8.0426543653011304
leaf_count=1439 30 952 66 1449 904 846 60 149 112 2531 193 118 35 561 56 684 261 20 22 345 659 376 1380 534 71 828 103 1774 117 36
internal_value=9.82606e-05 -0.00645149 -0.00986202 -0.0162097 -0.0119431 -0.00871077 0.0226136 -0.0284465 -0.0306741 0.000648452 -0.00418889 0.00606292 -0.00494747 -0.00725144 -0.00281203 -0.00942164 0.0127092 0.00586754 -0.0375778 0.018892 0.0122027 0.0224199 0.0328155 0.00420138 0.00134519 -0.0100821 0.0195656 0.0213245 0.000631632 -0.0154864
internal_weight=3260.67 2525.88 2394.41 1492.83 1106.89 877.461 734.785 385.942 350.8 901.581 374.96 136.867 672.523 537.231 316.764 179.825 108.68 136.939 18.3357 538.386 185.902 352.484 196.399 135.292 86.9215 238.094 300.704 278.577 49.7857 22.8929
internal_count=16711 11913 10474 6324 4614 3662 4798 1710 1561 4150 1619 598 2816 2247 1343 762 480 581 78 3358 1075 2283 1440 569 416 1021 1907 1804 219 102
is_linear=0
shrinkage=0.05


Tree=25
num_leaves=31
num_cat=0
split_feature=0 2 0 0 5 3 2 6 5 0 6 0 2 7 6 2 5 2 0 6 6 6 2 5 2 5 0 2 5 2
split_gain=158.068 185.828 38.4978 24.3449 16.289 14.4733 10.9031 9.39571 7.10773 7.55032 7.0602 6.95415 6.81512 6.78126 8.66068 6.71565 5.99392 5.64116 5.58051 6.08402 8.32468 9.13099 5.85476 5.57409 5.4279 5.23613 5.02492 5.96464 5.72643 4.81517
threshold=1.0000000180025095e-35 0.63500000000000012 6.5000000000000009 10.500000000000002 0.98730257338224969 1.0000000180025095e-35 0.74500000000000011 0.99251011038185066 0.9630873168929418 4.5000000000000009 0.99732507987296082 18.500000000000004 0.12500000000000003 1.0000000180025095e-35 0.9028407845257499 0.96500000000000008 0.99578921944681642 0.18500000000000003 13.500000000000002 0.96673870882838864 0.98289722931305679 0.97638969810347043 0.6150000000000001 0.9893795428636537 0.24500000000000002 0.9807799685856281 1.5000000000000002 0.95500000000000018 0.98136161283410173 0.51500000000000012
decision_type=2 2 2 2 2 2 2 2 2 2 2 2 2 2 2 2 2 2 2 2 2 2 2 2 2 2 2 2 2 2
left_child=-1 2 5 4 6 29 -3 12 -8 26 16 23 -4 18 -15 -6 -7 -9 22 -20 21 -21 24 -5 -14 -11 28 -28 -10 -2
right_child=1 3 7 11 15 10 8 17 9 25 -12 -13 13 14 -16 -17 -18 -19 19 20 -22 -23 -24 -25 -26 -27 27 -29 -30 -31
leaf_value=0.055354788841441786 -0.019305437274776269 0.00011915624485877297 0.0062562289640680849 -0.0018627473227718679 0.01811151725277926 -0.029547222003027618 0.0084092624624068166 -0.00065497247530995771 0.027235638983520001 0.017784681553744405 -0.054112852216871371 0.016678458060869532 -0.017043842575577183 -0.081270821477216815 -0.016431951274413062 0.034638487903914168 0.010703202364794533 -0.031209046403537818 0.025210215736856657 0.0018860581643859267 0.030630141908249222 -0.07786587898807229 -0.028535312335216192 -0.030790096914938992 -0.0024802058885131785 0.0016065460068644282 0.023680210057683101 0.047717890621696249 -0.0033177729385518388 -0.0073024936135037168
leaf_weight=125.82435607910156 368.98074550926685 191.07609209418297 123.8624604344368 309.60119153559208 145.41815385222435 259.2726518958807 358.57247054576874 20.772750377655029 36.84354855120182 136.94687788188457 28.914826959371567 49.564471438527107 78.285291373729706 5.688689023256301 54.403572559356689 106.47149795293808 9.5914953500032407 55.384114310145378 30.320425137877464 8.572210907936098 8.4967204779386503 6.1739084720611563 28.527127310633659 17.5998515188694 350.07396711409092 78.788515575230122 73.467283353209496 39.781116768717766 26.270604178309441 108.01591812074184
leaf_count=1440 1528 907 539 1394 869 1163 1960 86 247 749 147 234 324 24 226 812 44 239 130 36 36 26 123 75 1466 445 506 316 175 459
internal_value=0.000411665 -0.00180713 -0.0141166 0.0103059 0.0138034 -0.0219869 0.0107826 -0.00620322 0.0134969 0.0181496 -0.0306361 -0.000774888 -0.00437478 -0.00668273 -0.02257 0.0250973 -0.0281113 -0.022875 -0.00481242 0.0104563 -0.00879038 -0.0315045 -0.00660245 -0.00341872 -0.0051418 0.0118763 0.0258234 0.032124 0.0145181 -0.0165874
internal_weight=3241.56 3115.74 1545.34 1570.4 1193.64 774.776 941.747 770.561 750.67 392.098 297.779 376.766 694.404 570.542 60.0923 251.89 268.864 76.1569 510.45 53.5633 23.2428 14.7461 456.886 327.201 428.359 215.735 176.363 113.248 63.1142 476.997
internal_count=16725 15285 6596 8689 6986 3341 5305 3255 4398 2438 1354 1703 2930 2391 250 1681 1207 325 2141 228 98 62 1913 1469 1790 1194 1244 822 422 1987
is_linear=0
shrinkage=0.05


Tree=26
num_leaves=31
num_cat=0
split_feature=1 0 1 0 0 0 5 0 1 2 1 5 1 1 1 2 5 2 0 2 1 5 5 5 5 1 2 5 2 2
split_gain=170.306 193.142 45.9013 34.969 27.3534 18.8927 21.302 18.3597 18.0352 17.8094 13.3519 10.033 9.96604 7.86695 7.77872 13.7617 7.69825 7.61784 7.16809 7.02865 7.00915 6.83258 6.58766 6.26066 7.68153 5.94787 5.82642 5.79441 5.49656 11.1482
threshold=0.84462566844919806 1.5000000000000002 0.67207142857142876 10.500000000000002 8.5000000000000018 2.5000000000000004 0.98575513950156968 6.5000000000000009 0.8097500000000003 0.43500000000000005 0.94316666666666682 0.98586569364179588 0.81343137254901976 0.88348484848484865 0.57527777777777789 0.115 0.98975167198546532 0.77500000000000013 1.5000000000000002 0.74500000000000011 0.81029411764705905 0.99741404946006551 0.98498556297671713 0.97086336494281911 0.9748807582720268 0.73757352941176479 0.33500000000000008 0.97004570388908851 0.51500000000000012 0.83500000000000008
decision_type=2 2 2 2 2 2 2 2 2 2 2 2 2 2 2 2 2 2 2 2 2 2 2 2 2 2 2 2 2 2
left_child=1 -1 4 5 11 6 13 8 9 23 -7 14 16 -2 17 -16 20 26 22 -6 -10 25 -15 -4 -25 28 -3 -5 -11 -30
right_child=3 2 7 27 19 10 -8 -9 12 21 -12 -13 -14 18 15 -17 -18 -19 -20 -21 -22 -23 -24 24 -26 -27 -28 -29 29 -31
leaf_value=0.055066432538311852 -0.021228486479970721 -0.023608914515234974 0.024878514302505414 0.0094431342072638508 -0.0088714823983655922 0.025402143999555173 0.033398062119925749 0.0014807331395556731 -0.015532863273850221 -0.035175496517765192 0.046289058562388685 -0.034625300052553307 -0.0028403826676303965 0.0062926566097733965 0.040930485201868559 -0.016748392417176346 0.065802385047865466 0.0158544714262767 0.024177811050194783 0.011326706669045472 0.037584556588154711 -0.052669218451022771 -0.062486445761713562 -0.063630891897017719 0.0023459522823486758 -0.01286175794809756 -0.041027229068209707 -0.0091766696009060646 -0.0037789759171810199 -0.050517550637015365
leaf_weight=120.29871582984924 21.295597359538078 169.86222389340401 29.162782475352287 73.32301689684391 219.48703813552856 222.9200950935483 121.29365122318268 722.06162470579147 11.098622515797615 78.565197691321373 116.4988776370883 159.24838006496429 80.944233432412148 155.30061168968678 10.76459516584873 263.03993201255798 10.128931328654287 10.077946275472639 67.724532715976238 53.586860045790672 14.101480007171631 15.327100500464438 3.5612670928239814 4.9403049647808066 41.230357840657234 196.17940662801266 66.925549671053886 97.135185360908508 50.042522624135017 17.124132513999939
leaf_count=1440 113 720 122 342 899 1473 944 3172 49 341 925 731 389 866 44 1100 52 43 509 231 73 74 21 20 173 845 283 445 212 74
internal_value=0.000396938 -0.00664104 -0.00997902 0.0191653 -0.0182744 0.0240565 0.0162282 -0.0037587 -0.0106517 -0.0153508 0.0325712 -0.0236428 0.00683046 0.00782663 -0.0202838 -0.0144808 0.0289878 -0.02672 0.0105574 -0.00490788 0.0141906 -0.0200097 0.00475081 0.00674196 -0.00471363 -0.0185456 -0.028532 -0.00116731 -0.0261971 -0.015695
internal_weight=3223.25 2344.2 2223.9 879.053 952.993 708.595 369.176 1270.91 548.845 432.572 339.419 679.919 116.273 247.882 520.67 273.805 35.329 246.866 226.586 273.074 25.2001 357.238 158.862 75.3334 46.1707 341.911 236.788 170.458 145.732 67.1667
internal_count=16725 11087 9647 5638 4051 4851 2453 5596 2424 1861 2398 2921 563 1509 2190 1144 174 1046 1396 1130 122 1546 887 315 193 1472 1003 787 627 286
is_linear=0
shrinkage=0.05


Tree=27
num_leaves=31
num_cat=0
split_feature=1 1 1 2 6 3 1 2 5 1 1 5 2 5 2 5 6 5 2 5 1 1 2 5 6 2 2 5 7 2
split_gain=155.477 180.767 41.7045 14.0426 11.9845 10.6387 10.6701 9.60724 9.49285 16.3506 10.184 8.78314 8.29613 10.3665 7.45383 6.52281 11.4104 7.14505 5.77264 5.82874 6.39533 6.3162 7.27509 6.71899 5.96004 5.552 6.11158 8.70596 6.48765 5.42741
threshold=0.84462566844919806 1.0000000180025095e-35 0.67207142857142876 0.75500000000000012 0.99434505195543932 1.0000000180025095e-35 0.57527777777777789 0.3050000000000001 0.9903716623557085 0.80360389610389626 0.81343137254901976 0.97804023048086697 0.35500000000000004 0.94121579647443965 0.3050000000000001 0.96401787775588621 0.96602436670174041 0.95749818915236951 0.63500000000000012 0.95352681267494688 0.99944444444444458 0.94763888888888903 0.93500000000000016 0.98806652004705486 0.94722376440902323 0.59500000000000008 0.23500000000000001 0.92304788192164977 1.0000000180025095e-35 0.63500000000000012
decision_type=2 2 2 2 2 2 2 2 2 2 2 2 2 2 2 2 2 2 2 2 2 2 2 2 2 2 2 2 2 2
left_child=1 -1 3 5 18 6 -3 -8 14 -10 -11 12 13 -9 15 17 -17 -4 -2 20 -20 22 24 -24 -21 26 28 -28 -7 -16
right_child=4 2 8 -5 -6 25 7 11 9 10 -12 -13 -14 -15 29 16 -18 -19 19 21 -22 -23 23 -25 -26 -27 27 -29 -30 -31
leaf_value=0.054794983440333178 0.0021534504151519578 -0.02338636530923931 0.0025151949588456471 0.00032307037192038436 0.03914957170937395 -0.02480834845868915 0.0025308201030113152 -0.064758481746604105 -0.027868721698299161 0.040852307251142195 -0.016508112441236164 -0.030294946934106837 -0.0037674565457282401 -0.0044700656101064546 -0.0073976364299767937 0.079847636964547775 0.012789681514838322 -0.058646232830078721 0.018590099689947657 0.064822177604001191 0.0022374531969765279 0.027117329703932509 0.0091158924154794273 -0.03224670163282186 0.019368423416606273 0.0069042614291509891 -0.0011519990065877678 -0.038027942323361173 0.01467783945589636 -0.00013256233175958101
leaf_weight=114.98420834541321 62.188551709055901 265.55845955014229 43.417602524161339 99.729136288166046 64.731746979057789 45.964674293994904 105.39287386834621 13.769064962863924 88.923913553357124 16.680753618478779 14.433793589472769 71.163956820964813 129.59279051423073 14.788232684135435 483.36967444419861 7.07327677309513 61.497145012021065 5.3652660101652137 142.11226357519627 7.5185103565454474 103.21428446471691 233.35786275565624 66.37017298489809 11.522668294608591 176.84585913270712 10.785163879394529 17.76525342464447 161.58487895131111 13.445366129279135 549.09658561646938
leaf_count=1440 304 1106 190 427 478 208 431 56 393 80 69 294 531 60 2031 31 269 23 892 46 517 1773 388 70 1170 45 80 759 54 2510
internal_value=0.000384341 -0.00633328 -0.00950026 -0.0174265 0.0184535 -0.0195094 -0.0159023 -0.00996448 -0.00357342 -0.0169531 0.0142433 -0.0157073 -0.00914323 -0.0335385 -0.00217662 0.00976423 0.0197069 -0.0042115 0.0167854 0.0180134 0.0117102 0.0211335 0.0158091 0.00299713 0.0212221 -0.0281861 -0.0297711 -0.0343753 -0.015872 -0.00353385
internal_weight=3202.24 2334.38 2219.4 949.54 867.862 849.811 600.265 334.707 1269.86 120.038 31.1145 229.314 158.15 28.5573 1149.82 117.353 68.5704 48.7829 803.13 740.942 245.327 495.615 262.257 77.8928 184.364 249.545 238.76 179.35 59.41 1032.47
internal_count=16725 11087 9647 4051 5638 3624 2478 1372 5596 542 149 941 647 116 5054 513 300 213 5160 4856 1409 3447 1674 458 1216 1146 1101 839 262 4541
is_linear=0
shrinkage=0.05


Tree=28
num_leaves=31
num_cat=0
split_feature=1 0 1 0 0 0 5 1 0 5 1 6 2 1 2 2 0 6 1 6 1 0 0 1 6 1 5 0 6 6
split_gain=141.756 169.287 38.1157 32.3841 24.0236 18.1752 19.5422 17.6967 13.954 13.6565 13.0465 9.61328 7.40978 7.28362 6.70898 7.67219 6.47614 6.72297 6.25794 5.67666 5.61717 7.9409 7.23867 9.48738 7.83332 5.35443 5.25233 6.4163 4.93857 4.92421
threshold=0.84462566844919806 1.5000000000000002 0.61340579710144938 10.500000000000002 5.5000000000000009 2.5000000000000004 0.98575513950156968 0.79675438596491255 6.5000000000000009 0.98674177165239707 0.94316666666666682 0.9984636845351208 0.3050000000000001 0.88348484848484865 0.85500000000000009 0.17500000000000002 1.5000000000000002 0.98504661391183734 0.55045454545454564 0.99231158178271506 0.91345238095238113 11.500000000000002 12.500000000000002 0.89972222222222242 0.94625173534524931 0.51690476190476209 0.97104193771961744 14.500000000000002 0.98966653517118941 0.99049007438346026
decision_type=2 2 2 2 2 2 2 2 2 2 2 2 2 2 2 2 2 2 2 2 2 2 2 2 2 2 2 2 2 2
left_child=1 -1 8 5 7 6 13 9 28 12 -7 -6 -4 -2 15 25 17 -15 -17 29 22 -22 23 -5 -24 -10 -23 -28 -3 -20
right_child=3 2 4 20 11 10 -8 -9 14 -11 -12 -13 -14 16 -16 18 -18 -19 19 -21 21 26 24 -25 -26 -27 27 -29 -30 -31
leaf_value=0.054539313129119575 -0.021142713976510828 -0.0249590212861928 0.0097370532650440378 -0.028911550396347616 -0.00035697906898387753 0.02395916454312394 0.031697244206374091 0.0019865266099527079 -0.012284153110916752 -0.03230816076916828 0.045047163606151623 -0.068606782442638584 -0.015393837253298138 0.0055044427840938081 0.014844045625038793 -0.028248109410254331 0.022645417929879688 -0.064760300882776428 -0.0090551338556454624 -0.037052660757518362 0.011777927185697951 -0.0010893121502861547 0.037155376776473729 0.040028387649837835 0.0027613257912427066 0.018609919442706443 -0.028554957084158374 -0.091273921431879582 -0.042175521979133095 0.043215161392577014
leaf_weight=109.87612366676331 21.30974406003952 230.44574549794197 32.797341108322144 26.014416709542274 1056.4140119403601 217.20776899904013 116.14817632734776 141.64297766983509 30.701490938663483 125.06847217679024 110.73591261357069 5.1848363727331153 277.53702895343304 153.84832374751568 20.836498886346817 97.629663214087486 65.64786234498024 3.4813185185194007 97.396423771977425 18.052247807383537 18.322159647941589 11.721965581178663 22.864589855074883 6.1751135885715476 59.986780926585197 25.82011091709137 19.331053733825687 5.1679741591215125 50.843621924519539 4.7243059128522864
leaf_count=1440 113 990 137 118 4588 1473 944 667 126 576 925 25 1182 867 89 418 509 20 399 80 87 56 108 29 274 105 91 24 245 20
internal_value=0.000370901 -0.00603901 -0.0090439 0.017741 -0.00515377 0.0225624 0.0148128 -0.0133653 -0.0201022 -0.0183594 0.0310799 -0.00069031 -0.0127379 0.00678494 -0.0125079 -0.0145855 0.00945396 0.00394966 -0.0188451 -0.011206 -0.00183049 -0.0150463 0.00443536 -0.0156864 0.0122531 0.00182883 -0.0286151 -0.0417853 -0.0280709 -0.00663701
internal_weight=3182.93 2324.97 2215.09 857.963 1638.64 688.379 360.435 577.046 576.45 435.403 327.944 1061.6 310.334 244.287 295.161 274.324 222.978 157.33 217.803 120.173 169.584 54.5432 115.041 32.1895 82.8514 56.5216 36.221 24.499 281.289 102.121
internal_count=16725 11087 9647 5638 7175 4851 2453 2562 2472 1895 2398 4613 1319 1509 1237 1148 1396 887 917 499 787 258 529 147 382 231 171 115 1235 419
is_linear=0
shrinkage=0.05


Tree=29
num_leaves=31
num_cat=0
split_feature=1 0 1 0 0 0 6 0 1 2 1 6 6 1 2 6 1 0 0 1 6 1 6 1 0 0 1 6 1 1
split_gain=129.369 158.629 35.3645 30.0008 22.4168 17.1864 16.8479 14.7741 12.8394 15.5585 12.7847 7.84135 7.8242 6.56982 5.66824 5.54925 5.19237 5.06566 5.75195 6.35758 7.3401 5.87206 5.05462 5.04437 7.08312 6.53646 8.55973 7.22293 6.03035 5.5894
threshold=0.84462566844919806 1.5000000000000002 0.67207142857142876 10.500000000000002 8.5000000000000018 2.5000000000000004 0.95385650402295752 5.5000000000000009 0.79675438596491255 0.43500000000000005 0.94763888888888903 0.99434505195543932 0.99835770355718079 0.87408333333333343 0.74500000000000011 0.99709383392077544 0.88972222222222241 19.500000000000004 10.500000000000002 0.82894444444444459 0.97445194725906992 0.82894444444444459 0.95778417471911947 0.91345238095238113 13.500000000000002 12.500000000000002 0.89972222222222242 0.94625173534524931 0.92519230769230787 0.92679487179487197
decision_type=2 2 2 2 2 2 2 2 2 2 2 2 2 2 2 2 2 2 2 2 2 2 2 2 2 2 2 2 2 2
left_child=1 -1 4 5 12 6 16 8 9 22 -7 13 -3 -8 -6 -11 -2 18 19 20 -9 -20 -4 25 29 26 -5 -27 -26 -25
right_child=3 2 7 23 14 10 11 17 -10 15 -12 -13 -14 -15 -16 -17 -18 -19 21 -21 -22 -23 -24 24 28 27 -28 -29 -30 -31
leaf_value=0.054298374200290239 -0.034385153173491813 -0.020066889990812523 0.033195855510762325 -0.027197180607613419 -0.0074214899254758772 0.023505527256480863 -0.012799004667817344 0.0088344846504813303 0.0018885003950116015 -0.019535459173376863 0.045103571483025122 0.044915497141116617 -0.057281921790839609 0.021285524521586576 0.010741242723370898 -0.051743023307343851 0.0027588109091645097 0.019067513210108439 -0.0031391147698436248 0.0264634389083543 -0.0044999381580240194 -0.029444527549954993 -0.0014697727465950571 -0.042662763728019533 -0.012278448528508925 0.035833397963537128 0.038641641943881311 0.0026258347482243424 -0.075823947577871545 0.0056646667372723773
leaf_weight=104.96945142745972 10.214676573872564 655.05651500821114 15.464275047183035 26.264832064509392 219.39751023054123 222.04044432938099 15.351289823651312 206.07574033737183 141.54797101020813 238.54590672254562 99.096861585974693 33.112219400703907 14.4347568154335 178.83476884663105 53.414298623800278 14.168234705924986 119.24155300110579 36.245431914925575 325.60844212770462 28.776563033461571 206.73845143616199 22.693427875638008 32.859646677970886 7.3292059749364844 7.5802772939205152 22.531316235661507 6.0793544650077811 59.929451555013657 7.3569520562887192 32.573076635599136
leaf_count=1440 54 2842 65 118 899 1538 78 903 667 1029 860 277 79 1411 231 73 633 170 1417 140 893 101 138 34 35 108 29 274 34 155
internal_value=0.00035885 -0.00575774 -0.00860893 0.0170732 -0.0159464 0.0217791 0.0142257 -0.00315929 -0.0105309 -0.0163705 0.0301703 0.0224259 -0.0208693 0.018591 -0.00386538 -0.0213412 -0.000172014 0.000789917 -4.87788e-05 0.00374054 0.00215657 -0.00485303 0.00962367 -0.00173157 -0.0142065 0.00422739 -0.0148222 0.0116994 -0.0435762 -0.00321206
internal_weight=3163.53 2316 2211.03 847.536 942.303 677.892 356.755 1268.72 442.586 301.038 321.137 227.298 669.491 194.186 272.812 252.714 129.456 826.138 789.893 441.591 412.814 348.302 48.3239 169.644 54.8395 114.805 32.3442 82.4608 14.9372 39.9023
internal_count=16725 11087 9647 5638 4051 4851 2453 5596 1972 1305 2398 1766 2921 1489 1130 1102 687 3624 3454 1936 1796 1518 203 787 258 529 147 382 69 189
is_linear=0
shrinkage=0.05


Tree=30
num_leaves=31
num_cat=0
split_feature=0 1 0 0 1 0 5 1 1 5 2 5 0 2 2 2 6 2 2 1 6 6 0 5 0 6 0 0 5 6
split_gain=120.672 155.079 38.2793 33.1511 18.3488 21.1234 18.3431 16.093 11.5058 9.94992 8.98084 6.72937 6.55378 5.90353 5.85633 7.40361 6.26986 5.97373 9.11344 6.01354 5.92878 6.01474 6.26127 5.79587 5.77183 5.65408 5.64569 6.71525 9.07068 6.53298
threshold=1.0000000180025095e-35 0.79839743589743606 10.500000000000002 8.5000000000000018 0.85408333333333342 1.5000000000000002 0.98586569364179588 0.61340579710144938 0.92345238095238125 0.99445203505662372 0.115 0.98662381516047726 25.500000000000004 0.94500000000000017 0.67500000000000016 0.85500000000000009 0.99004915550226891 0.3050000000000001 0.16500000000000004 0.64894444444444466 0.98354281792683318 0.97402466887568029 5.5000000000000009 0.93001872037889599 2.5000000000000004 0.99835770355718079 16.500000000000004 10.500000000000002 0.99172347832397445 0.96365390178550381
decision_type=2 2 2 2 2 2 2 2 2 2 2 2 2 2 2 2 2 2 2 2 2 2 2 2 2 2 2 2 2 2
left_child=-1 3 4 6 24 9 7 13 11 23 -9 -7 -4 -2 17 -16 20 18 -12 -20 21 22 -17 -6 -3 -8 27 -5 -29 -28
right_child=1 2 12 26 5 8 25 10 -10 -11 14 -13 -14 -15 15 16 -18 -19 19 -21 -22 -23 -24 -25 -26 -27 29 28 -30 -31
leaf_value=0.054071201455267837 -0.021749306825711277 -0.013185302440797431 -0.0054060396718142488 0.0025238754806846059 -0.0038067683082327187 0.015180979221770627 -0.024870643637030756 0.042647688340235079 0.037397603667500466 0.047766723183131167 -0.05407152213124139 0.034802293740151993 0.03694804838748212 0.035191576270593959 0.009050462527381023 -0.053300352069376812 0.038876503680367581 -0.013355638010607476 -0.0046717369490867243 0.034320883776262814 -0.059424084875208685 0.015861300689877785 -0.0076358672926299569 0.013365289796144535 0.0091246404224002327 -0.051765118423904126 -0.0058329068822919857 -0.0067947526513610209 -0.058951420847621366 0.025777516542198398
leaf_weight=99.493056990206242 334.20687200129032 32.922555685043335 268.93324565887451 261.65061728656292 82.126994714140892 156.24263094365597 268.72578139603138 8.9000450521707517 195.3486605361104 15.704148709774016 5.5448985397815695 60.664119072258472 9.4546791762113553 4.6148708760738364 94.095101207494736 11.446653217077253 5.2284996956586829 354.4016880095005 20.244649916887283 19.32826329767704 7.596481814980506 13.850365817546843 21.808510988950729 122.32782740145922 242.73820744454861 21.074908241629601 29.250627875328064 340.41004720330238 8.5453077107667905 37.047069996595383
leaf_count=1429 1435 152 1229 1105 386 1070 1220 39 1685 141 23 472 48 20 413 50 23 1486 83 81 33 61 96 913 1181 118 131 1445 35 166
internal_value=-0.000118511 -0.00188365 0.0122528 -0.0108626 0.0172254 0.0219179 -0.015884 -0.0123655 0.0285957 0.0094134 -0.00717977 0.0206686 -0.0039676 -0.0209738 -0.00798091 0.000301919 -0.0134339 -0.0111742 0.00596138 0.0143731 -0.0184338 -0.0118235 -0.0233539 0.00646748 0.00646013 -0.0268265 -0.00202691 -0.00353155 -0.00807198 0.011831
internal_weight=3153.93 3054.43 1186.46 1867.97 908.075 632.414 1191.07 901.267 412.255 220.159 562.445 216.907 278.388 338.822 553.545 154.026 59.9305 399.519 45.1178 39.5729 54.702 47.1055 33.2552 204.455 275.661 289.801 676.904 610.606 348.955 66.2977
internal_count=16769 15340 7277 8063 6000 4667 5181 3843 3227 1440 2388 1542 1277 1455 2349 676 263 1673 187 164 240 207 146 1299 1333 1338 2882 2585 1480 297
is_linear=0
shrinkage=0.05


Tree=31
num_leaves=31
num_cat=0
split_feature=0 2 3 0 0 6 2 6 6 0 6 0 6 5 2 5 6 5 2 6 5 0 2 0 6 6 6 6 5 6
split_gain=114.136 111.508 24.2316 22.8052 11.6939 10.1557 7.15511 7.19779 10.7129 6.25429 5.80044 5.79913 5.56656 5.29837 5.66597 5.13463 5.11004 5.0036 4.75317 4.60421 6.58355 4.48588 4.42875 5.89351 4.77507 11.5626 7.45997 4.6366 4.49991 4.54067
threshold=1.0000000180025095e-35 0.63500000000000012 1.0000000180025095e-35 10.500000000000002 6.5000000000000009 0.98168763242926749 0.075000000000000025 0.94919701850997384 0.87051359802160888 23.500000000000004 0.99025397400944926 10.500000000000002 0.91433024673519991 0.9893795428636537 0.83500000000000008 0.98380604302150221 0.98090072905135706 0.93419598549156968 0.085000000000000006 0.99732507987296082 0.99578921944681642 14.500000000000002 0.69500000000000017 4.5000000000000009 0.98698182142051649 0.98745909288042499 0.98844655210609222 0.99434505195543932 0.97820658803313632 0.99691128159017406
decision_type=2 2 2 2 2 2 2 2 2 2 2 2 2 2 2 2 2 2 2 2 2 2 2 2 2 2 2 2 2 2
left_child=-1 2 6 5 19 16 7 8 -2 13 18 -12 -10 -5 -15 -9 -3 -14 -8 20 -4 -6 -7 27 -25 -26 -27 -24 -28 -30
right_child=1 3 4 9 21 22 10 15 12 -11 11 -13 17 14 -16 -17 -18 -19 -20 -21 -22 -23 23 24 25 26 28 -29 29 -31
leaf_value=0.053856909333312122 0.0044301104230206724 0.0081874579577590045 -0.026799081086969496 -0.0026031581489691252 -0.012655151203470017 0.0049014578750149196 -0.054503491271822517 0.017992184075761228 -0.080230142288049325 0.03086640428309087 -0.016844772987836942 -0.057774122757630622 0.019285926709888976 -0.076531572402222053 -0.013865742091104772 -0.0067185262987289581 -0.020725278874399473 -0.044449853868531904 -0.0074849886498360918 -0.047422854530171456 0.01793648062285718 0.022172068390114222 0.021021426795454434 0.023351154839866585 -0.055034270038937787 0.049419778680104422 0.026080676639315195 0.039277639747176823 -0.0044267939534756977 0.038050181722742236
leaf_weight=95.007760815322399 36.693001747131348 671.60181833058596 246.77940352261066 347.97243084013462 155.17027966678143 62.947046518325806 5.4097396582365027 70.423604741692543 6.2305050194263485 13.317936241626738 65.807610854506493 9.9647925496101362 4.6021189689636222 4.8153681606054333 14.374773427844046 29.968016624450684 15.638054952025412 9.3062440454959852 839.09869082272053 25.926430314779282 8.5077493935823423 9.8317536115646345 169.00053100287914 62.89142943918705 7.2304030507802954 10.935548037290571 20.995947644114494 43.79094211012125 64.167081765830517 6.9754044711589804
leaf_count=1429 161 3855 1158 1573 667 312 23 309 27 68 284 41 20 20 61 130 102 40 3524 148 41 41 1347 362 38 70 113 381 382 42
internal_value=-0.000109151 -0.00179552 -0.0113487 0.00780219 -0.0211469 0.0113502 -0.00729111 0.00256646 -0.0116524 -0.00279277 -0.00897521 -0.0222274 -0.0409546 -0.00401368 -0.0295904 0.0106158 0.00752955 -0.0233604 -0.00778618 -0.0273471 -0.0253082 -0.0105799 0.017199 0.0192045 0.0123562 0.00608735 0.0103749 0.0247784 0.00574081 -0.000261996
internal_weight=3135.38 3040.37 1523.72 1516.65 446.216 1136.17 1077.5 157.223 56.8319 380.481 920.281 75.7724 20.1389 367.163 19.1901 100.392 687.24 13.9084 844.508 281.214 255.287 165.002 448.934 385.987 173.196 110.304 103.074 212.791 92.1384 71.1425
internal_count=16769 15340 6614 8726 2055 7004 4559 687 248 1722 3872 325 87 1654 81 439 3957 60 3547 1347 1199 708 3047 2735 1007 645 607 1728 537 424
is_linear=0
shrinkage=0.05


Tree=32
num_leaves=31
num_cat=0
split_feature=0 1 0 0 3 1 0 1 5 2 6 1 1 2 0 2 0 1 2 0 0 5 1 0 6 5 0 5 2 1
split_gain=107.985 132.843 33.5796 29.2311 16.787 16.1819 24.5376 14.918 9.1694 8.63986 7.77688 7.72614 6.96055 6.84888 6.64642 11.9061 8.35431 6.33252 5.90937 5.87241 5.6408 5.13849 5.12858 4.96545 5.86825 11.5101 5.85552 7.91415 5.58556 7.39793
threshold=1.0000000180025095e-35 0.79839743589743606 10.500000000000002 8.5000000000000018 1.0000000180025095e-35 0.8725543478260871 1.5000000000000002 0.61340579710144938 0.99445203505662372 0.3050000000000001 0.99221508106265011 0.95000000000000029 0.73757352941176479 0.31500000000000006 5.5000000000000009 0.66500000000000015 2.5000000000000004 0.45275000000000004 0.34500000000000008 2.5000000000000004 25.500000000000004 0.93001872037889599 0.66035714285714298 16.500000000000004 0.96365390178550381 0.90269783937045733 10.500000000000002 0.99172347832397445 0.14500000000000005 0.49369318181818184
decision_type=2 2 2 2 2 2 2 2 2 2 2 2 2 2 2 2 2 2 2 2 2 2 2 2 2 2 2 2 2 2
left_child=-1 3 5 4 7 19 8 13 21 12 18 -8 -9 17 15 16 -6 -2 -11 -3 -4 -7 -16 26 25 -25 28 -28 -5 -30
right_child=1 2 20 23 14 6 11 9 -10 10 -12 -13 -14 -15 22 -17 -18 -19 -20 -21 -22 -23 -24 24 -26 -27 27 -29 29 -31
leaf_value=0.053654688315958113 -0.028359069918210557 -0.0080723045475704653 -0.0049718050035108333 0.032771574305826737 0.003517197385772291 -0.0040324109054685362 0.024084909678751931 0.0075521874060593235 0.046508605848165296 -0.02838201637566681 -0.031246220567250311 0.039752416606720298 0.073547196101955842 -0.028655187378496028 -0.022474652163584689 0.025049343004011113 -0.035358250662667803 -0.0072644269629438723 -0.0046961535802338859 0.010385652484410014 0.034886785508713047 0.012207297911125873 -0.0031387501605937549 0.026831220255068917 0.024611935362560029 -0.035841289737312071 -0.0061859441426833292 -0.055137809671833342 -0.029788507066743155 0.0032095408861671504
leaf_weight=90.706187196075916 49.916889980435371 50.640334039926529 269.65658888220787 14.42001962661743 14.969784304499624 81.988678067922592 209.1830649971962 53.338305324316025 14.706391364336012 28.155694544315338 33.455072224140167 126.13378728926182 4.3189299255609503 125.43844853341579 101.41009457409382 9.4660930186510068 179.88838770985603 123.84595620632172 406.8053897768259 289.06329245865345 9.1785267442464811 120.00718619674444 51.815212801098824 14.252358734607698 36.723098710179329 15.074648439884184 341.01310859620571 8.4615581929683668 18.349067389965057 228.53641423583031
leaf_count=1429 219 243 1229 60 70 386 1679 220 141 115 142 1163 20 531 490 40 884 521 1709 1475 48 913 220 64 166 67 1445 35 76 969
internal_value=-0.000101591 -0.00171073 0.0114847 -0.0100166 -0.0147585 0.0162202 0.021504 -0.0108378 0.00839089 -0.00576804 -0.00801612 0.0299784 0.0124957 -0.0197517 -0.0238081 -0.0297114 -0.0323717 -0.0133243 -0.00622938 0.00763409 -0.00365976 0.00561572 -0.015936 -0.00172957 0.0112935 -0.00538366 -0.0031379 -0.00737118 0.00252376 0.000757054
internal_weight=3120.92 3030.21 1170.56 1859.65 1182.82 891.723 552.019 825.275 216.702 526.073 468.416 335.317 57.6572 299.201 357.55 204.324 194.858 173.763 434.961 339.704 278.835 201.996 153.225 676.83 66.0501 29.327 610.78 349.475 261.306 246.885
internal_count=16769 15340 7277 8063 5181 6000 4282 3477 1440 2206 1966 2842 240 1271 1704 994 954 740 1824 1718 1277 1299 710 2882 297 131 2585 1480 1105 1045
is_linear=0
shrinkage=0.05


Tree=33
num_leaves=31
num_cat=0
split_feature=0 1 0 0 3 1 5 1 0 1 1 5 5 5 0 1 0 1 6 0 1 0 5 6 0 0 6 1 5 0
split_gain=102.194 120.634 36.5061 27.1222 15.6784 14.8174 14.3042 13.4542 7.31217 7.13143 11.6608 6.82027 6.61408 6.25136 7.86088 8.10195 6.05373 12.2733 8.41696 6.43724 5.84277 5.48623 4.52309 8.30244 5.55785 6.95098 5.49308 5.16805 5.0871 5.00538
threshold=1.0000000180025095e-35 0.81320512820512836 11.500000000000002 6.5000000000000009 1.0000000180025095e-35 0.54038461538461546 0.94016530423422817 0.62041666666666695 24.500000000000004 0.85408333333333342 0.81343137254901976 0.99051278814490995 0.99512655742666645 0.99445203505662372 1.5000000000000002 0.94763888888888903 2.5000000000000004 0.92345238095238125 0.92976667865171414 8.5000000000000018 0.88348484848484865 8.5000000000000018 0.90678172273289437 0.9511149812930767 13.500000000000002 11.500000000000002 0.94625173534524931 0.65519230769230796 0.95352681267494688 16.500000000000004
decision_type=2 2 2 2 2 2 2 2 2 2 2 2 2 2 2 2 2 2 2 2 2 2 2 2 2 2 2 2 2 2
left_child=-1 3 6 4 7 21 16 -2 22 10 -8 -9 -12 14 -11 -16 20 18 -18 -20 -3 -5 24 26 25 -7 27 28 -24 -25
right_child=1 2 -4 5 -6 8 9 11 -10 13 12 -13 -14 -15 15 -17 17 -19 19 -21 -22 -23 23 29 -26 -27 -28 -29 -30 -31
leaf_value=0.05346376067728649 -0.020443247629172347 -0.036215690155593096 -0.0072946532869330579 -0.029117247054960591 -0.024737714006793018 0.0052499335783142689 0.052171669502698373 -0.0029460588013158263 0.059744327904835894 0.010978027229581711 0.0087239124446282582 -0.029294834938432671 -0.049679913313773645 0.044403912284523679 0.020461776449712157 0.037429362905344481 0.010275118144404828 0.041074811624593317 -0.0085892037665794285 -0.091901320256635971 0.0018080307341436599 -0.0078145602280132002 -0.051400528937259327 -0.0026927595938525681 0.02007818685183561 -0.021916321500954395 -0.042546073085928213 -0.0044968713783748943 -0.0036610547851215133 0.01447474041920715
leaf_weight=86.58272522687912 219.72035723924637 11.149112612009047 194.41513186693192 70.058568105101585 296.21557819843292 130.2290745973587 15.624370649456976 344.04742053151131 4.8456498235464087 114.758744135499 129.86200898885727 26.447518885135651 5.0355706363916388 34.136320546269417 205.1213436126709 107.08185394108295 66.723515778779984 31.140934146940708 6.3797455057501775 3.6423108130693436 107.67291951924562 53.154687225818634 13.696732431650164 611.7686997205019 45.967498362064362 28.743584781885147 17.063727781176567 66.349600240588188 9.4168422520160657 45.624787420034409
leaf_count=1429 943 55 891 310 1435 554 89 1445 24 890 651 113 26 318 1525 994 383 262 37 18 564 219 56 2609 203 122 72 286 39 207
internal_value=-9.38497e-05 -0.00163132 0.0122262 -0.00884703 -0.0153513 -0.00359088 0.0167532 -0.0106405 -0.00152367 0.0207296 0.01128 -0.00482695 0.00654377 0.0238144 0.0221682 0.0262814 0.00602568 0.0146002 0.00385771 -0.0388673 -0.00175975 -0.0199272 -0.0018301 -0.00359958 0.00476571 0.000338048 -0.0165484 -0.0115898 -0.0319507 -0.00150129
internal_weight=3102.68 3016.09 1032.74 1983.35 886.431 1096.92 838.329 590.215 973.706 611.62 150.522 370.495 134.898 461.098 426.962 312.203 226.709 107.887 76.7456 10.0221 118.822 123.213 968.861 763.92 204.94 158.973 106.527 89.4632 23.1136 657.393
internal_count=16769 15340 6703 8637 3936 4701 5812 2501 4172 4493 766 1558 677 3727 3409 2519 1319 700 438 55 619 529 4148 3269 879 676 453 381 95 2816
is_linear=0
shrinkage=0.05


Tree=34
num_leaves=31
num_cat=0
split_feature=0 2 3 0 0 6 2 6 6 0 0 6 6 6 0 5 2 5 5 0 2 6 5 6 6 2 2 0 6 6
split_gain=96.7339 84.2273 19.3172 17.8415 9.28267 8.75997 6.49699 6.21197 9.56219 5.75208 5.21222 5.03891 4.92894 4.91457 5.39132 4.58646 4.71355 4.58211 4.4461 4.33706 4.27016 3.99295 3.99057 3.90025 6.38434 3.93726 3.69403 4.25853 4.53869 10.279
threshold=1.0000000180025095e-35 0.63500000000000012 1.0000000180025095e-35 10.500000000000002 5.5000000000000009 0.98168763242926749 0.075000000000000025 0.94919701850997384 0.87051359802160888 3.5000000000000004 18.500000000000004 0.91433024673519991 0.98090072905135706 0.99025397400944926 10.500000000000002 0.9893795428636537 0.83500000000000008 0.98380604302150221 0.93419598549156968 14.500000000000002 0.085000000000000006 0.99709383392077544 0.98167292993188238 0.99835770355718079 0.98966653517118941 0.25500000000000006 0.66500000000000015 4.5000000000000009 0.98698182142051649 0.98745909288042499
decision_type=2 2 2 2 2 2 2 2 2 2 2 2 2 2 2 2 2 2 2 2 2 2 2 2 2 2 2 2 2 2
left_child=-1 2 6 5 9 12 7 8 -2 -4 15 -10 -3 20 -15 -5 -17 22 -13 23 -8 -11 -9 24 -6 -25 -7 -28 -29 -30
right_child=1 3 4 10 19 26 13 17 11 21 -12 18 -14 14 -16 16 -18 -19 -20 -21 -22 -23 -24 25 -26 -27 27 28 29 -31
leaf_value=0.053283440193977155 0.0051387916489677972 0.0071637004022305217 -0.01510461402603519 -0.0033348662576811947 -0.018877479311399572 0.0020514695303877023 -0.051428339797472002 0.013106477879613715 -0.075431458055811557 -0.029361942232483507 0.012382645586638583 0.019187361454136645 -0.021378271120210637 -0.014918443568942209 -0.054536197126360479 -0.071244687808941734 -0.013906562171463549 -0.0057221963557568993 -0.04097255216968379 0.020906246129109757 -0.006502938301809833 -0.057002758512940337 0.049111601433904077 -0.0009185176869682737 -0.00083700348791784112 -0.06647421205411741 0.021945464053107974 0.021952886291042487 -0.051986958724879545 0.0093524830318435104
leaf_weight=82.631716091185808 36.500880792737007 661.17197988182306 75.240343242883682 311.17318081855774 121.99781678617001 45.064360409975052 5.3229667991399756 61.242352724075317 6.1700292825698879 122.98121084272861 51.135957390069962 4.5822909325361243 15.480206631124018 65.116919010877609 9.8917386680841428 4.8582749515771892 13.6682291328907 30.001686125993729 9.3130151331424695 9.7907129377126676 836.95672205090523 14.618799746036528 8.8016801029443723 3.5252767354249936 82.006148874759674 6.5386152863502502 212.53130551427603 65.132440477609634 7.3051147386431685 104.98128115385771
leaf_count=1429 161 3855 347 1396 536 227 23 270 27 610 248 20 102 284 41 20 58 130 40 41 3524 91 39 18 373 39 1775 380 38 627
internal_value=-8.58941e-05 -0.00155438 -0.00987765 0.00686982 -0.0187443 0.0100695 -0.00627206 0.00314 -0.0101032 -0.0262204 -0.00247016 -0.0378299 0.00651073 -0.00787902 -0.020143 -0.00477382 -0.0289426 0.0106277 -0.0211335 -0.0116361 -0.00678685 -0.0322985 0.0176309 -0.0131245 -0.0116255 -0.0435107 0.0156051 0.0171714 0.0114526 0.00536187
internal_weight=3085.73 3003.1 1510.6 1492.5 436.699 1111.67 1073.9 156.612 56.5662 212.84 380.836 20.0653 676.652 917.288 75.0087 329.7 18.5265 100.046 13.8953 223.859 842.28 137.6 70.044 214.068 204.004 10.0639 435.015 389.95 177.419 112.286
internal_count=16769 15340 6614 8726 2055 7004 4559 687 248 1048 1722 87 3957 3872 325 1474 78 439 60 1007 3547 701 309 966 909 57 3047 2820 1045 665
is_linear=0
shrinkage=0.05


Tree=35
num_leaves=31
num_cat=0
split_feature=0 1 0 0 3 1 0 5 1 1 5 1 0 1 0 0 3 5 6 6 0 6 5 7 6 6 6 6 5 3
split_gain=92.8458 106.391 24.9014 21.5987 12.6236 12.4243 21.5889 8.75503 8.52605 8.00758 7.75867 6.62139 6.06616 5.8923 5.17303 4.81799 4.38895 6.92899 4.24864 5.4727 3.91661 6.17193 9.22639 4.68818 3.69648 3.59594 4.43011 3.58627 5.61013 5.51307
threshold=1.0000000180025095e-35 0.79839743589743606 6.5000000000000009 10.500000000000002 1.0000000180025095e-35 0.8725543478260871 1.5000000000000002 0.99327385248775357 0.63809090909090926 0.54038461538461546 0.98707726983173971 0.95775000000000021 2.5000000000000004 0.66958333333333353 4.5000000000000009 23.500000000000004 1.0000000180025095e-35 0.98510627497087833 0.99354783310754935 0.99434505195543932 14.500000000000002 0.9832304911163704 0.89366391605354034 1.0000000180025095e-35 0.99496782483859336 0.99709383392077544 0.99644342248144901 0.98518193283633393 0.98610236307416388 1.0000000180025095e-35
decision_type=2 2 2 2 2 2 2 2 2 2 2 2 2 2 2 2 2 2 2 2 2 2 2 2 2 2 2 2 2 2
left_child=-1 2 4 5 7 12 10 8 -2 -4 27 -8 16 -6 -9 -5 17 -3 20 -20 -11 22 -22 -23 -14 26 -15 29 -29 -7
right_child=1 3 9 15 13 6 11 14 -10 18 -12 -13 24 25 -16 -17 -18 -19 19 -21 21 23 -24 -25 -26 -27 -28 28 -30 -31
leaf_value=0.053113066184658858 -0.017011285140134565 -0.0083215709581498359 -0.015547477955054529 -0.0030816764976328314 -0.032704879195857059 -0.0023653468672906546 0.022390907010668218 -0.0094592383453865839 -0.0043171489421518208 -0.0025501147583901172 0.023108267340049719 0.037608125589511508 0.0082295803000268838 -0.016742102607271134 -0.073743995871069432 0.025804332970617728 -0.023921451143367661 0.052814677703398163 -0.044619797838925002 -0.006959511579760231 0.026476623696987518 0.039170238142202808 -0.0083269823639337097 -0.0043015001286399795 0.029671403232311572 -0.040523348722301192 0.032758309836407616 -0.078391596791372087 0.0052587299488788593 0.020157621018854821
leaf_weight=80.392426796257496 237.72797906398773 20.857676997780803 123.8066597878933 260.77316358685493 115.83253288269043 112.96629045903683 211.94893433898687 4.8902393877506247 298.19989839196205 739.41371048986912 54.976870089769363 107.86652756482363 258.80777572095394 127.93208867311478 8.6914821118116361 15.28137958049774 24.792873039841652 5.9586076736450186 12.455050483345984 42.781267091631889 25.837961450219154 21.542464032769203 72.403681769967079 8.709373205900194 21.792989388108253 15.393576875329016 4.6855274736881247 3.5369325280189496 4.6257891803979874 35.773404866456985
leaf_count=1457 1021 98 535 1183 613 629 1780 22 1246 3128 526 1064 1335 597 38 79 120 30 53 187 115 97 319 38 112 91 22 22 35 228
internal_value=8.55169e-05 -0.00133536 -0.00870582 0.0106925 -0.015269 0.014583 0.0193227 -0.0109527 -0.00994804 -0.00360704 0.00694444 0.0275233 0.00699726 -0.0242585 -0.0505976 -0.00148265 -0.00875713 0.00526297 -0.00200566 -0.0154514 -0.00114993 0.00690742 0.000826511 0.0266549 0.00989487 -0.0176484 -0.0149932 0.00128081 -0.0309872 0.00305166
internal_weight=3080.66 3000.26 1860.3 1139.96 813.353 863.905 531.695 549.51 535.928 1046.95 211.879 319.815 332.21 263.844 13.5817 276.055 51.6092 26.8163 923.144 55.2363 867.907 128.493 98.2416 30.2518 280.601 148.011 132.618 156.902 8.16272 148.74
internal_count=16820 15363 8122 7241 3650 5979 4284 2327 2267 4472 1440 2844 1695 1323 60 1262 248 128 3937 240 3697 569 434 135 1447 710 619 914 57 857
is_linear=0
shrinkage=0.05


Tree=36
num_leaves=31
num_cat=0
split_feature=0 1 0 0 3 1 0 5 1 1 2 5 2 1 2 1 1 2 0 2 0 6 5 5 6 1 5 0 1 0
split_gain=87.9486 96.5501 22.6836 19.8244 11.7201 11.6181 20.2943 8.04284 7.76183 7.25834 11.0008 7.17643 6.66656 7.21024 6.63421 9.24922 6.42841 6.3636 5.49094 5.15454 4.81455 4.68249 5.47552 4.67784 6.52141 4.52346 7.6499 4.39482 4.19272 4.16385
threshold=1.0000000180025095e-35 0.79839743589743606 6.5000000000000009 10.500000000000002 1.0000000180025095e-35 0.8725543478260871 1.5000000000000002 0.99327385248775357 0.63809090909090926 0.54038461538461546 0.78500000000000014 0.98707726983173971 0.70500000000000018 0.66958333333333353 0.43500000000000005 0.72354166666666686 0.95775000000000021 0.79500000000000015 2.5000000000000004 0.45500000000000007 4.5000000000000009 0.96365390178550381 0.97322353958497698 0.97935774323965374 0.97663312022223459 0.71763888888888905 0.9760119599046585 23.500000000000004 0.53522727272727288 5.5000000000000009
decision_type=2 2 2 2 2 2 2 2 2 2 2 2 2 2 2 2 2 2 2 2 2 2 2 2 2 2 2 2 2 2
left_child=-1 2 4 5 7 18 11 8 -2 10 28 -7 13 29 15 -10 -8 -14 -3 -15 -9 -16 -23 25 -25 -24 -27 -5 -4 -6
right_child=1 3 9 27 12 6 16 20 14 -11 -12 -13 17 19 21 -17 -18 -19 -20 -21 -22 22 23 24 -26 26 -28 -29 -30 -31
leaf_value=0.052952037824377865 -0.016222346092500031 -0.0082930448416949128 -0.016172050620062713 -0.0029245050135215333 -0.042204544811698386 0.0012213465833902444 0.021626432543842052 -0.0090098527016070681 0.0003215749668942342 -0.0019050769048593219 0.041963258174045788 0.022354364738175744 0.037209230812091938 -0.0013496457510234951 -0.017245362674382241 0.044500556192972301 0.036806370538880355 -0.030440327194264566 0.0094401990356855689 -0.023369542454004365 -0.07126519748535784 0.014398063031052189 0.00040892934989578302 0.047968503934884978 -0.0070775232019738166 0.0049378418555460343 -0.069162821739456357 0.024822082157023653 -0.05411137571143413 -0.021789711297821989
leaf_weight=76.698317814618349 236.84785424172878 51.734004825353622 107.65474869310856 261.04142864048481 69.523510590195656 156.75823490321636 208.55700000375509 4.8777697831392279 71.14573872089386 923.06772163510323 7.9796943813562384 54.014341771602631 8.5663697719573957 35.901991933584213 92.936761781573296 14.214070945978163 104.78436435759068 5.8503713011741629 279.448311842978 102.31746236979961 8.5477496385574323 34.855299487709999 9.142778620123865 5.9691347032785407 54.570227473974228 5.2813319861888877 10.228733062744139 15.096580669283865 7.8104290366172782 38.9818966537714
leaf_count=1457 1021 248 467 1183 378 914 1780 22 291 3937 34 526 36 171 388 62 1064 25 1447 501 38 148 38 25 228 23 43 79 34 212
internal_value=8.46868e-05 -0.00127249 -0.00828981 0.0102404 -0.0145733 0.014001 0.0186333 -0.0104232 -0.0094643 -0.00342785 -0.0148145 0.00663707 -0.023292 -0.0252232 -0.00409926 0.00767824 0.0267027 0.00975677 0.00667009 -0.01765 -0.0486465 -0.00881944 -0.00229637 -0.00912669 -0.00165003 -0.0274869 -0.0439308 -0.00140759 -0.0187384 -0.0348703
internal_weight=3064.4 2987.71 1856.27 1131.43 809.759 855.296 524.114 548.617 535.192 1046.51 123.445 210.773 261.142 246.725 298.344 85.3598 313.341 14.4167 331.182 138.219 13.4255 212.984 120.048 85.1922 60.5394 24.6528 15.5101 276.138 115.465 108.505
internal_count=16820 15363 8122 7241 3650 5979 4284 2327 2267 4472 535 1440 1323 1262 1246 353 2844 61 1695 672 60 893 505 357 253 104 66 1262 501 590
is_linear=0
shrinkage=0.05


Tree=37
num_leaves=31
num_cat=0
split_feature=0 1 3 0 1 1 0 6 5 5 1 2 1 5 1 2 0 2 0 5 2 0 2 1 1 5 0 5 0 6
split_gain=83.3281 87.6022 20.8451 18.1817 11.1868 10.8499 19.0671 9.32251 7.05918 6.63575 6.37681 6.25143 6.24831 6.1868 6.17175 7.45937 7.30179 8.51311 5.59452 5.06457 6.44701 4.9727 4.81292 4.73347 6.29098 5.39674 4.68297 5.47 4.5127 4.99121
threshold=1.0000000180025095e-35 0.79839743589743606 1.0000000180025095e-35 10.500000000000002 0.47183333333333338 0.8725543478260871 1.5000000000000002 0.9911257006524099 0.80560848713098865 0.98707726983173971 0.39055555555555566 0.93500000000000016 0.97683333333333355 0.92304788192164977 0.66958333333333353 0.43500000000000005 5.5000000000000009 0.45500000000000007 6.5000000000000009 0.97720988759367033 0.79500000000000015 2.5000000000000004 0.44500000000000006 0.73261363636363652 0.73563492063492075 0.93577739975932683 4.5000000000000009 0.98217423797876113 2.5000000000000004 0.95282064654340259
decision_type=2 2 2 2 2 2 2 2 2 2 2 2 2 2 2 2 2 2 2 2 2 2 2 2 2 2 2 2 2 2
left_child=-1 2 4 5 8 21 9 18 -2 -7 -10 14 19 -12 16 -16 17 -4 -6 20 28 -3 -15 26 -25 -26 -17 -28 -8 -30
right_child=1 3 11 -5 7 6 12 -9 10 -11 13 -13 -14 22 15 23 -18 -19 -20 -21 -22 -23 -24 24 25 -27 27 -29 29 -31
leaf_value=0.052799784411689102 -0.044751863814148668 -0.0078542888526737624 -0.046134109733837962 -0.0013363774636084378 -0.0070372479015776371 0.0011610278301947923 -0.027690577233092747 -0.018118053872200113 0.0097040510125951038 0.021614599486176226 0.029033879411736026 0.028576342660983935 0.039228819704871423 -0.039647471154814706 0.0024091070664363692 -0.041375634278814404 -0.017748502816693029 -0.0041579518661622357 -4.7750199189801611e-05 0.029399766165923387 0.022610647667997322 0.0090054880404132707 0.0075012178710273519 0.039823819146106658 0.021716428671212103 -0.019194024620367792 -0.027158263172137848 0.03265156193946693 0.033489808773267397 -0.011085258253844692
leaf_weight=73.162758778780699 25.020728945732117 51.888685122132301 56.805902108550072 276.21262584626675 453.42106907069683 156.65986669063568 11.994106210768221 105.40158584713936 20.294642359018326 53.093701176345348 4.7936711162328711 7.221720188856124 68.316079035401344 30.634374439716339 61.773809090256691 33.933582872152328 145.24929730594158 15.340703353285788 776.71888214349747 118.78887339681387 82.777800224721432 278.32043411582708 6.5742124915122977 5.6167624145746222 9.0255865752696973 75.448737025260925 13.578366816043856 5.3208112865686408 11.69585655629635 13.562168426811693
leaf_count=1457 113 248 318 1262 1905 914 89 455 91 526 21 32 724 134 271 177 688 77 3309 1103 730 1447 28 28 40 352 59 24 91 107
internal_value=8.33721e-05 -0.00121285 -0.0078941 0.00980356 -0.00498044 0.0134359 0.0179588 -0.00384683 -0.0223193 0.00633832 -0.0133095 -0.0175507 0.0258949 -0.0244292 -0.0183399 -0.0121092 -0.0242067 -0.0372086 -0.00262403 0.0220806 0.014837 0.00635616 -0.031317 -0.0183842 -0.011416 -0.014823 -0.0302664 -0.0103196 -0.00243669 0.00955545
internal_weight=3048.65 2975.48 1852.17 1123.31 1422.86 847.098 516.888 1335.54 87.3176 209.754 62.2969 429.315 307.135 42.0023 422.094 204.698 217.396 72.1466 1230.14 238.819 120.03 330.209 37.2086 142.924 90.0911 84.4743 52.8328 18.8992 37.2521 25.258
internal_count=16820 15363 8122 7241 6056 5979 4284 5669 387 1440 274 2066 2844 183 2034 951 1083 395 5214 2120 1017 1695 162 680 420 392 260 83 287 198
is_linear=0
shrinkage=0.05


Tree=38
num_leaves=31
num_cat=0
split_feature=0 1 3 0 1 1 0 5 6 1 5 0 0 6 1 1 2 1 5 5 0 2 1 1 1 5 2 1 2 1
split_gain=78.9659 79.4808 19.1007 16.6735 10.3214 10.2413 15.5744 12.8409 8.21359 7.3877 6.84969 5.90527 5.39486 5.39235 9.33326 5.13826 5.50466 5.0321 9.71064 5.84207 4.78473 9.19053 4.62993 4.60314 5.75347 6.31271 5.13218 4.60051 9.26806 9.14579
threshold=1.0000000180025095e-35 0.79839743589743606 1.0000000180025095e-35 10.500000000000002 0.45275000000000004 0.85408333333333342 2.5000000000000004 0.98575513950156968 0.99251011038185066 0.97045454545454557 0.98510627497087833 8.5000000000000018 6.5000000000000009 0.98966653517118941 0.69630681818181828 0.66958333333333353 0.45500000000000007 0.39055555555555566 0.91034509400906727 0.95749818915236951 5.5000000000000009 0.66500000000000015 0.89486842105263176 0.73261363636363652 0.73563492063492075 0.93577739975932683 0.51500000000000012 0.66261363636363646 0.47500000000000003 0.72236111111111134
decision_type=2 2 2 2 2 2 2 2 2 2 2 2 2 2 2 2 2 2 2 2 2 2 2 2 2 2 2 2 2 2
left_child=-1 2 4 5 17 -3 7 10 12 -8 22 15 27 -13 -15 20 -17 18 -2 -20 21 -4 -7 26 -25 -26 -18 -6 29 -29
right_child=1 3 11 -5 8 6 9 -9 -10 -11 -12 13 -14 14 -16 16 23 -19 19 -21 -22 -23 -24 24 25 -27 -28 28 -30 -31
leaf_value=0.052655789921963569 -0.043646997034221952 0.0047801849261479203 -0.040418923432688825 -0.0012689673358159191 -0.012285763030936508 -0.017107888575423454 0.021879002710352223 0.024551018060836649 -0.020023133100939158 0.043881068585030596 -0.054339391803666759 -0.014726833597039055 -0.00037673794642081513 -0.0077644846398651369 0.050650997411959664 0.00094014015218270113 -0.04435369111712531 -0.036346767886160411 0.054987705672728676 -0.0059756091520033567 -0.018825028502459939 0.032673727059074266 0.0066258419099692201 0.041410608083091958 0.030115201542877182 -0.019935969601390446 -0.0079377481616154759 0.00047777098691430394 -0.0089296693741586376 0.037536881910672081
leaf_weight=69.780077692121267 11.714430287480356 265.86967581510544 66.377021178603172 276.33805598318577 224.67144490778446 22.942081324756145 203.98863672465086 97.383403442800045 73.742061376571655 46.929804980754852 5.1222413405776015 50.109487131237984 807.73591636121273 20.305109724402431 10.309617653489111 47.673238426446915 28.905177816748619 36.802709445357323 6.0384457409381893 11.253543630242346 103.42009864747524 4.5985902994871131 196.9630082026124 4.7520506829023352 6.9402173012495032 68.271882891654968 14.543016225099562 54.412823349237442 171.79802684485912 23.987727761268616
leaf_count=1457 54 1312 377 1262 954 138 1708 957 320 522 35 207 3441 84 43 219 154 164 27 50 519 19 1307 24 31 324 65 222 721 103
internal_value=8.18148e-05 -0.00115595 -0.00751684 0.00938357 -0.00473433 0.0128913 0.0166527 0.00938268 -0.00379607 0.0259941 0.00281839 -0.0168015 -0.00286311 -0.00462588 0.0119071 -0.0196464 -0.01349 -0.0240721 -0.00849833 0.0153131 -0.025686 -0.0356832 0.00414977 -0.0190643 -0.0119463 -0.0153175 -0.0321645 -0.00709234 -0.00242878 0.0118165
internal_weight=3033.68 2963.9 1848.36 1115.54 1422.16 839.199 573.329 322.411 1356.35 250.918 225.027 426.206 1282.61 80.7242 30.6147 345.481 171.086 65.8091 29.0064 17.292 174.396 70.9756 219.905 123.412 79.9642 75.2121 43.4482 474.87 250.199 78.4006
internal_count=16820 15363 8122 7241 6056 5979 4667 2437 5761 2230 1480 2066 5441 334 127 1732 817 295 131 77 915 396 1445 598 379 355 219 2000 1046 325
is_linear=0
shrinkage=0.05


Tree=39
num_leaves=31
num_cat=0
split_feature=0 1 3 0 1 0 5 1 6 1 5 0 0 6 1 1 5 1 0 0 1 1 1 1 5 6 3 6 5 5
split_gain=74.8462 72.1034 17.5056 15.2775 9.51467 14.6256 11.9319 9.42304 7.43204 7.22291 6.00202 5.44848 4.87555 4.87014 8.49267 4.80029 4.65841 7.94987 4.60891 4.5745 4.17235 4.47941 4.77517 4.16388 4.45195 4.19322 4.06846 4.04887 7.99691 6.00235
threshold=1.0000000180025095e-35 0.79839743589743606 1.0000000180025095e-35 10.500000000000002 0.85408333333333342 2.5000000000000004 0.98575513950156968 0.45275000000000004 0.99251011038185066 0.97045454545454557 0.98510627497087833 8.5000000000000018 6.5000000000000009 0.98966653517118941 0.69630681818181828 0.66958333333333353 0.80560848713098865 0.39055555555555566 4.5000000000000009 5.5000000000000009 0.66261363636363646 0.65091666666666681 0.63809090909090926 0.89486842105263176 0.93001872037889599 0.98760067131296558 1.0000000180025095e-35 0.98002534929903118 0.97469755033117245 0.98009345226821265
decision_type=2 2 2 2 2 2 2 2 2 2 2 2 2 2 2 2 2 2 2 2 2 2 2 2 2 2 2 2 2 2
left_child=-1 2 7 4 -3 6 10 16 12 -7 23 15 20 -13 -15 19 -2 -18 -19 -4 21 22 27 -6 26 -26 -25 29 -29 -9
right_child=1 3 11 -5 5 9 -8 8 -10 -11 -12 13 -14 14 -16 -17 17 18 -20 -21 -22 -23 -24 24 25 -27 -28 28 -30 -31
leaf_value=0.052519569595329232 -0.044017790990913123 0.0045498355774135539 -0.03463326196977027 -0.0012049862833113884 -0.016101893856475868 0.02111946471891591 0.02377577413658959 -0.013761608783413674 -0.019058489736497614 0.04322090482887514 -0.049946342368610036 -0.013985084339101112 -0.00035787634759708591 -0.0073802327632183588 0.048484408355148015 -0.012887785773252048 0.0088459790318009771 -0.067152099165930998 -0.019959831268310545 -0.018021984218228679 -0.0023059589657539181 -0.036693963897294596 0.011639665975533288 -0.0058175615734558286 0.015885096991288612 -0.03838043211790091 0.021359472099290139 0.05814226696323406 -0.0071314153759717367 -0.056402194547904717
leaf_weight=66.544678546488285 18.847299158573151 265.37657937407494 69.512255907058716 276.45701357722282 23.151104398071766 200.84026882052422 95.577508673071861 134.05414582788944 73.604349553585052 45.305686436593533 5.2895833775401107 50.128346174955368 807.79040966928005 20.294458180665973 10.233732178807257 170.20141851902008 20.386142835021019 7.1134958714246777 18.971880510449409 102.6471401154995 250.25283309817314 16.596562802791595 23.276562348008156 81.423550620675087 94.526604637503624 3.6992277875542632 16.57419691234827 5.3942774683237067 36.05779030919075 8.7944930493831617
leaf_count=1457 88 1312 396 1262 138 1708 957 573 320 522 35 207 3441 84 43 817 91 33 83 519 1046 68 96 422 754 38 93 23 157 37
internal_value=8.01123e-05 -0.00110184 -0.0071591 0.00897786 0.0123624 0.0160229 0.00897876 -0.00450131 -0.00360766 0.0251875 0.00268376 -0.016088 -0.00272073 -0.00439705 0.0113468 -0.0188423 -0.0230507 -0.0145471 -0.0328292 -0.0247291 -0.00674387 -0.0116981 -0.00969955 0.00395278 0.00631889 0.0138414 -0.00122115 -0.0123946 0.00136284 -0.0163868
internal_weight=3018.92 2952.38 1844.16 1108.22 831.764 566.388 320.242 1421.14 1355.82 246.146 224.664 423.017 1282.22 80.6565 30.5282 342.361 65.3188 46.4715 26.0854 172.159 474.427 224.174 207.577 219.375 196.224 98.2258 97.9977 184.301 41.4521 142.849
internal_count=16820 15363 8122 7241 5979 4667 2437 6056 5761 2230 1480 2066 5441 334 127 1732 295 207 116 915 2000 954 886 1445 1307 792 515 790 180 610
is_linear=0
shrinkage=0.05


Tree=40
num_leaves=31
num_cat=0
split_feature=0 1 0 0 1 0 6 1 1 0 5 0 6 1 1 5 6 6 5 5 2 6 2 2 6 2 1 1 2 1
split_gain=70.5957 57.3919 21.2462 17.0064 10.6222 12.8972 10.5481 8.38067 7.7245 7.42934 6.92378 5.5449 7.09654 5.47117 5.04701 11.1478 6.08955 5.54538 5.05245 5.00104 4.8449 4.67969 4.57114 9.8385 9.07969 7.91395 7.19944 5.40564 16.7978 6.32933
threshold=1.0000000180025095e-35 0.79839743589743606 10.500000000000002 6.5000000000000009 0.85408333333333342 1.5000000000000002 0.99709383392077544 0.61340579710144938 0.94038461538461549 19.500000000000004 1.0000000180025095e-35 18.500000000000004 0.99014544722789499 0.88033333333333363 0.44190909090909097 0.98091320515390257 0.99820509802345947 0.99732507987296082 0.84970580325491363 0.99445203505662372 0.47500000000000003 0.99049007438346026 0.83500000000000008 0.67500000000000016 0.99104093961210549 0.72500000000000009 0.78029411764705892 0.69458041958041983 0.45500000000000007 0.690357142857143
decision_type=2 2 2 2 2 2 2 2 2 2 2 2 2 2 2 2 2 2 2 2 2 2 2 2 2 2 2 2 2 2
left_child=-1 3 4 6 20 19 7 21 -7 14 -9 -4 13 -13 15 -5 17 18 -16 -6 -3 -2 23 27 -24 -25 -27 29 -29 -12
right_child=1 2 11 9 5 8 -8 10 -10 -11 22 12 -14 -15 16 -17 -18 -19 -20 -21 -22 -23 24 25 -26 26 -28 28 -30 -31
leaf_value=0.052390657964510062 -0.015749523487569798 0.034423864480171817 -0.0073559107065631103 -0.049324920977753893 0.0040380267134473872 0.016205099227499947 -0.041504662131503035 0.0048659322133507831 0.0316887463267072 0.028750408965631954 -0.016905946531274082 0.024290094012427255 -0.048813366404640589 -0.032392423975453111 0.0055515292178025966 0.040369650507611765 -0.036448502292151568 0.03714165538007206 -0.0039389396762356454 0.037958185856986987 0.0022902906513875242 -0.036489045311578469 -0.016167938447246802 0.042250393976612441 -0.084443979961385432 0.011286943445343596 -0.044474957641319257 0.020650749681821543 -0.014376104656512477 -0.076456733607888253
leaf_weight=63.102680895477533 225.7842208892107 12.291657105088232 227.45851214230061 14.709429487586023 195.24129682034254 229.11631902307272 29.185802616178989 96.791236862540245 124.22204548865557 18.963184460997581 136.06223131716251 37.485864818096161 4.4079560190439215 4.8025964349508277 170.46643227338791 4.5312996357679358 12.916895493865011 9.0153701007366163 790.84745548665524 11.506804525852202 256.82013693451881 30.924836352467537 31.783481895923615 15.394787207245825 5.7503719627857199 26.198095515370369 7.4301628470420829 45.202843308448792 140.98733538389206 4.613211289048194
leaf_count=1449 1036 57 1024 65 1309 1861 181 413 1359 89 627 183 20 23 726 20 64 40 3371 132 1276 168 137 66 24 113 33 193 634 20
internal_value=6.74849e-05 -0.00106289 0.00793256 -0.0065236 0.0119221 0.0158448 -0.012002 -0.0108793 0.0216486 -0.00225378 -0.0071718 -0.00413403 0.0115598 0.0178528 -0.00284026 -0.0282013 -0.00234398 -0.00188998 -0.00225603 0.00592589 0.00375799 -0.0182479 -0.00999009 -0.00832872 -0.0266282 0.0125589 -0.00103365 -0.0114614 -0.00587236 -0.0188588
internal_weight=2984.01 2920.91 1103.35 1817.56 829.198 560.086 796.109 766.923 353.338 1021.45 510.214 274.155 46.6964 42.2885 1002.49 19.2407 983.246 970.329 961.314 206.748 269.112 256.709 413.423 375.889 37.5339 49.023 33.6283 326.866 186.19 140.675
internal_count=16713 15264 7244 8020 5994 4661 3645 3464 3220 4375 2260 1250 226 206 4286 85 4201 4137 4097 1441 1333 1204 1847 1686 161 212 146 1474 827 647
is_linear=0
shrinkage=0.05


end of trees

feature_importances:
Column_1=309
Column_0=264
Column_2=229
Column_6=191
Column_5=176
Column_3=46
Column_7=15

parameters:
[boosting: gbdt]
[objective: binary]
[metric: auc]
[tree_learner: serial]
[device_type: cpu]
[data_sample_strategy: bagging]
[data: ]
[valid: ]
[num_iterations: 500]
[learning_rate: 0.05]
[num_leaves: 31]
[num_threads: 0]
[seed: 1234]
[deterministic: 1]
[force_col_wise: 0]
[force_row_wise: 1]
[histogram_pool_size: -1]
[max_depth: -1]
[min_data_in_leaf: 20]
[min_sum_hessian_in_leaf: 0.001]
[bagging_fraction: 0.9]
[pos_bagging_fraction: 1]
[neg_bagging_fraction: 1]
[bagging_freq: 5]
[bagging_seed: 213]
[bagging_by_query: 0]
[feature_fraction: 0.9]
[feature_fraction_bynode: 1]
[feature_fraction_seed: 8758]
[extra_trees: 0]
[extra_seed: 7717]
[early_stopping_round: 0]
[early_stopping_min_delta: 0]
[first_metric_only: 0]
[max_delta_step: 0]
[lambda_l1: 0]
[lambda_l2: 0]
[linear_lambda: 0]
[min_gain_to_split: 0]
[drop_rate: 0.1]
[max_drop: 50]
[skip_drop: 0.5]
[xgboost_dart_mode: 0]
[uniform_drop: 0]
[drop_seed: 12761]
[top_rate: 0.2]
[other_rate: 0.1]
[min_data_per_group: 100]
[max_cat_threshold: 32]
[cat_l2: 10]
[cat_smooth: 10]
[max_cat_to_onehot: 4]
[top_k: 20]
[monotone_constraints: ]
[monotone_constraints_method: basic]
[monotone_penalty: 0]
[feature_contri: ]
[forcedsplits_filename: ]
[refit_decay_rate: 0.9]
[cegb_tradeoff: 1]
[cegb_penalty_split: 0]
[cegb_penalty_feature_lazy: ]
[cegb_penalty_feature_coupled: ]
[path_smooth: 0]
[interaction_constraints: ]
[verbosity: -1]
[saved_feature_importance_type: 0]
[use_quantized_grad: 0]
[num_grad_quant_bins: 4]
[quant_train_renew_leaf: 0]
[stochastic_rounding: 1]
[linear_tree: 0]
[max_bin: 255]
[max_bin_by_feature: ]
[min_data_in_bin: 3]
[bin_construct_sample_cnt: 200000]
[data_random_seed: 4068]
[is_enable_sparse: 1]
[enable_bundle: 1]
[use_missing: 1]
[zero_as_missing: 0]
[feature_pre_filter: 1]
[pre_partition: 0]
[two_round: 0]
[header: 0]
[label_column: ]
[weight_column: ]
[group_column: ]
[ignore_column: ]
[categorical_feature: ]
[forcedbins_filename: ]
[precise_float_parser: 0]
[parser_config_file: ]
[objective_seed: 23056]
[num_class: 1]
[is_unbalance: 0]
[scale_pos_weight: 1]
[sigmoid: 1]
[boost_from_average: 1]
[reg_sqrt: 0]
[alpha: 0.9]
[fair_c: 1]
[poisson_max_delta_step: 0.7]
[tweedie_variance_power: 1.5]
[lambdarank_truncation_level: 30]
[lambdarank_norm: 1]
[label_gain: ]
[lambdarank_position_bias_regularization: 0]
[eval_at: ]
[multi_error_top_k: 1]
[auc_mu_weights: ]
[num_machines: 1]
[local_listen_port: 12400]
[time_out: 120]
[machine_list_filename: ]
[machines: ]
[gpu_platform_id: -1]
[gpu_device_id: -1]
[gpu_use_dp: 0]
[num_gpu: 1]

end of parameters

pandas_categorical:null
